city,score,catalog,dataset_id,title,publisher,url,metadata_url,type,categories,query,description
london,23,data.gov.uk,conservation-areas95,Conservation Areas,London Borough of Barnet,https://www.data.gov.uk/dataset/conservation-areas95,https://www.data.gov.uk/api/3/action/package_show?id=conservation-areas95,ckan_package,,London borough open data trees parking planning conservation areas,"The dataset contains polygons for conservation areas within the London Borough of Barnet. Conservation areas are those areas identified by the Local Planning Authority as having special architectural or historic interest which merits designation. Conservation area character appraisals, boundary maps and guidance notes can be downloaded from the Council’s website. This data is an active and changing record of conservation area boundaries in the London Borough of Barnet. Conservation Areas were introduced through the Civic Amenities Act 1967. They are ‘areas of special architectural or historic interest, the character and appearance of which it is desirable to preserve or enhance’ (Section 69(1)(a) of the Planning (Listed Buildings and Conservation Areas) Act 1990). Conservation Area status acknowledges the importance of an area, highlighting its real and potential attractiveness. It also means that the council’s efforts in the area are geared to preserving and enhancing its special character.
**Footnote - Barnet is one of the Local Planning Authorities that received Government funding to improve their planning services through the Local Digital Fund. This aims to digitise Planning to make land and housing data easier to find, understand, use and trust. This data is also available on View planning and housing datasets with geographic location data on an interactive map here.

  
    Map of planning data for England | Planning Data (Conservation Areas)
  

The maps also show statutory listed buildings (the data being provided by Barnet)
Licence
This dataset has been published by the London Borough of Barnet under the Open Government Licence (OGL) (v3). The licence has been applied following the Public Sector Geospatial Agreement 'presumption to publish' process in December 2022.
Acknowledgements
Please acknowledge the Information Provider through the following attribution statement:
© London Borough of Barnet, 2026, OGL v3.0
Contains OS data © Crown copyright and database right, 2026"
london,21,data.gov.uk,statutory-listed-buildings1,Statutory Listed Buildings,London Borough of Barnet,https://www.data.gov.uk/dataset/statutory-listed-buildings1,https://www.data.gov.uk/api/3/action/package_show?id=statutory-listed-buildings1,ckan_package,,London borough open data trees parking planning conservation areas,"The dataset contains polygons for statutory listed buildings within the London Borough of Barnet. These are buildings, objects or structures considered to be of special architectural or historic interest, which need to be preserved for future generations. The list is compiled by the Secretary of State for Culture, Media and Sport following advice from Historic England. Statutory listed buildings are protected by legislation in the Planning (Listed Buildings and Conservation Areas) Act 1990.
The National Heritage List for England (NHLE) is the official register for nationally protected historic buildings and sites in England however not all data has been captured as polygons. For statutory listed buildings polygons are usually only available in the NHLE for entries listed or substantially amended since 04th April 2011. To support local planning requirements and national initiatives such as the Open Digital Planning project, the Local Planning Authority (LPA) has digitised polygons for records within it's boundary. This dataset may be withdrawn in the event that NHLE develops to encompass all local requirements."
london,20,data.gov.uk,conservation-areas-documentation,Conservation Areas Documentation,London Borough of Barnet,https://www.data.gov.uk/dataset/conservation-areas-documentation,https://www.data.gov.uk/api/3/action/package_show?id=conservation-areas-documentation,ckan_package,,London borough open data trees parking planning conservation areas,"Conservation areas are those areas identified by the Local Planning Authority as having special architectural or historic interest which merits designation. Documentation including area character appraisals and boundary maps are published here for reference and to support the Open Digital Planning project.
Conservation Areas were introduced through the Civic Amenities Act 1967. They are ‘areas of special architectural or historic interest, the character and appearance of which it is desirable to preserve or enhance’ (Section 69(1)(a) of the Planning (Listed Buildings and Conservation Areas) Act 1990). Conservation Area status acknowledges the importance of an area, highlighting its real and potential attractiveness. It also means that the council’s efforts in the area are geared to preserving and enhancing its special character.
In the files section is included the Conservation Areas Documents dataset. This dataset is about documents that provide sources for the information contained in the conservation areas dataset. These documents are the authoritative source and provide the context around the history and impact of the conservation areas.
The Open Government Licence (OGL) generally allows for the use of government data, including maps, with minimal restrictions. However, in this case, the maps within the documents are governed by the Public Sector Geospatial Agreement (PGSA)."
london,17,data.gov.uk,conservation-areas91,Conservation Areas,Cornwall Council,https://www.data.gov.uk/dataset/conservation-areas91,https://www.data.gov.uk/api/3/action/package_show?id=conservation-areas91,ckan_package,,London borough open data trees parking planning conservation areas,"A Conservation Area is an area of special architectural or historic interest with a character or appearance that is desirable to preserve or enhance. There are no standard specifications for Conservation Areas; they may include the historic parts of a town or village, have an important industrial past or, for example, cover an historic park. Invariably such areas will have a concentration of historic buildings, many of which may be listed. However, it will be the quality and interest of the area which will be significant. This may include spaces around buildings, views and vistas, historic street patterns, gardens (public and private), trees and field systems. Conservation areas give broader protection than listing individual buildings: all the features, listed or otherwise, within the area, are recognised as part of its character.  The first conservation areas were created in 1967, and there are now over 8000 conservation areas in England. There are 145 in Cornwall.

Conservation areas were introduced through the Civic Amenities Act 1967. The primary legislation is the Town and Country Planning Act 1990 and the Planning (Listed Buildings and Conservation Areas) Act 1990. The key reference to government policy on all development affecting conservation areas is Planning Policy Guidance Note (PPG) 15 'Planning and the historic environment' (1994). The definition of a conservation area remains as 'areas of special architectural or historic interest, the character or appearance of which it is desirable to preserve or enhance' (Section 69(1)(a) of the Planning (Listed Buildings and Conservation Areas) Act 1990.

Local authorities have the power to designate as conservation areas in any area of 'special architectural or historic interest' whose character or appearance is worth protecting or enhancing. This 'specialness' is judged against local and regional criteria, rather than national importance as is the case with listing. English Heritage can designate conservation areas in London, where we have to consult the relevant London Borough Council and obtain the consent of the Secretary of State for National Heritage. The Secretary of State can also designate in exceptional circumstances - usually where the area is of more than local interest.

Within a conservation area the local authority has extra controls over:

 - demolition 
 - minor developments 
 - the protection of trees
 - Demolition 

Applications for consent to totally or substantially demolish any building within a conservation area must be made to the local planning authority, or, on appeal or call-in, to the Secretary of State for the Environment. Procedures are basically the same as for listed building consent applications. Generally there is a presumption in favour of retaining buildings which make a positive contribution to the character or appearance of the conservation area. Obtaining permission is necessary before making changes which would normally be permitted elsewhere, to ensure that any alterations do not detract from the area's appearance. These changes include certain types of cladding, inserting dormer windows, and putting up satellite dishes which are visible from the street. 

Under legislation introduced in 1995, local authorities can make further restrictions on the kind of alterations allowed, depending on how these might affect the key elements of buildings in the conservation area. Examples might be putting up porches, painting a house a different colour, or changing distinctive doors, windows or other architectural details. The local authority has to have good reason for making these restrictions, and must take account of public views before doing so. 

Trees make an important contribution to the character of the local environment. Anyone proposing to cut down, top or lop a tree in a conservation area, whether or not it is covered by a tree preservation order, has to give notice to the local authority. The authority can then consider the contribution the tree makes to the character of the area and if necessary make a tree preservation order to protect it."
london,17,data.gov.uk,conservation-areas-in-causeway-coast-and-glens-borough-council,Conservation Areas in Causeway Coast and Glens Borough Council,OpenDataNI,https://www.data.gov.uk/dataset/conservation-areas-in-causeway-coast-and-glens-borough-council,https://www.data.gov.uk/api/3/action/package_show?id=conservation-areas-in-causeway-coast-and-glens-borough-council,ckan_package,,London borough open data trees parking planning conservation areas,"Location of Conservation Areas within Causeway Coast and Glens Borough Council.<div><br /></div><div><p>Conservation Areas (CAs) are Areas of special architectural or historic interest. The <a href=""http://www.legislation.gov.uk/nia/2011/25/contents/enacted"">Planning Act (NI) 2011 </a>(Section 104) provides the Council with the power to designate an area of special architectural or historic interest as a Conservation Area. Within the Causeway Coast and Glens Borough Council Area there are 5 Conservation Areas with Individual townscape and design advice contained in the relevant designation booklets.  These Conservation Area guides should be used as the first point of reference when bringing forward development proposals in these areas and will be used by the Council in assessing applications, along with <a href=""http://www.planningni.gov.uk/index/policy/planning_statements_and_supplementary_planning_guidance.htm"">Planning Policy Statement 6: Planning, Archaeology and the Built Heritage</a>.</p><p> </p><p>Below is a list of existing CAs and the associated design guides along with dates that each Conservation Area was designated by the Department of the Environment;</p><ul><li><a href=""http://www.planningni.gov.uk/index/policy/supplementary_guidance/conservation/conservation_map/conservation_cushendall.htm"">Cushendall Conservation Area</a> – Designated as a CA in 1975, being only the second such area in Northern Ireland.  The CA includes the historic core of the village on the west bank of River Dall, together with the extensive wooded grounds of The Cottage and Court McMartin, and the older parts of the settlement on Kilnadore Road and Coast Road.  The current Cushendall Conservation Area Design Guide was published in November 1993.</li></ul><p> </p><ul><li><a href=""http://www.planningni.gov.uk/index/policy/supplementary_guidance/conservation/conservation_map/conservation_cushendun.htm"">Cushendun Conservation Area</a> – The village and surrounding lands were designated as a CA in 1980 due to its unique architectural inheritance, partly influenced by Clough Williams Ellis a leading architect of his time, and its picturesque setting.  The Cushendun Conservation Area Design Guide was published in December 1996.</li></ul><p> </p><ul><li><a href=""http://www.planningni.gov.uk/index/policy/supplementary_guidance/conservation/conservation_map/conservation_ballycastle.htm"">Ballycastle Conservation Area</a> – Designated as a CA in 1990, the area includes the historic upper town around The Diamond and part of the Lower Town and the connecting tree and villa lined mall of Quay Road. The Ballycastle Conservation Area Design Guide was published in June 1990.</li></ul><p> </p><ul><li><a href=""http://www.planningni.gov.uk/index/policy/supplementary_guidance/conservation/conservation_map/conservation_bushmills.htm"">Bushmills Conservation Area</a> – Designated as a CA in 1992, the central Market Square of the village includes a large grouping of Listed Buildings within the CA along with other heritage features and older parts of the world famous Bushmills Distillery and remains of mill races. The Bushmills Conservation Area Design Guide was published in June 1992.</li></ul><p> </p><ul><li><a href=""http://www.planningni.gov.uk/index/policy/supplementary_guidance/conservation/conservation_map/conservation_ballymoney.htm"">Ballymoney Conservation Area</a> – The historic core of Ballymoney was designated as a CA in 1994, radiating out from The Diamond to include Charlotte Street, High Street, Church Street, Victoria Street and Main Street.</li></ul><p> </p><p>The designation of Conservation Areas and the production of the associated design guides have contributed to the overall enhancement of the areas and resulted in the sympathetic restoration and physical regeneration of many buildings, some of which had lost part of their original character.  The designations and associated guides continue to play an important role in influencing and shaping the built form in these historic areas.  The aesthetic reasons for retaining the best of the built inheritance has helped raise public awareness of conservation.  Many environmental and economic benefits can also be derived from Conservation Area designations, such as tourism and heritage related leisure activities making them desirable places to live, work, shop and do business.</p></div>"
london,17,data.gov.uk,conservation-areas-in-causeway-coast-and-glens-borough-council1,Conservation Areas in Causeway Coast and Glens Borough Council,OpenDataNI,https://www.data.gov.uk/dataset/conservation-areas-in-causeway-coast-and-glens-borough-council1,https://www.data.gov.uk/api/3/action/package_show?id=conservation-areas-in-causeway-coast-and-glens-borough-council1,ckan_package,,London borough open data trees parking planning conservation areas,"<font size='3'>Location of Conservation Areas within Causeway Coast and Glens Borough Council.</font><div><font size='3'><br /></font></div><div><p style='box-sizing: border-box; margin-top: 0px; margin-bottom: 10px; line-height: 20px; color: rgb(102, 102, 102); font-family: Arial, &quot;Helvetica Neue&quot;, Helvetica, sans-serif; background-color: rgb(255, 255, 255);'><font size='3'>Conservation Areas (CAs) are Areas of special architectural or historic interest. The <a href='http://www.legislation.gov.uk/nia/2011/25/contents/enacted' style='box-sizing: border-box; color: rgb(2, 93, 113); text-decoration-line: none;'>Planning Act (NI) 2011 </a>(Section 104) provides the Council with the power to designate an area of special architectural or historic interest as a Conservation Area. Within the Causeway Coast and Glens Borough Council Area there are 5 Conservation Areas with Individual townscape and design advice contained in the relevant designation booklets.  These Conservation Area guides should be used as the first point of reference when bringing forward development proposals in these areas and will be used by the Council in assessing applications, along with <a href='http://www.planningni.gov.uk/index/policy/planning_statements_and_supplementary_planning_guidance.htm' style='box-sizing: border-box; color: rgb(2, 93, 113); text-decoration-line: none;'>Planning Policy Statement 6: Planning, Archaeology and the Built Heritage</a>.</font></p><p style='box-sizing: border-box; margin-top: 0px; margin-bottom: 10px; line-height: 20px; color: rgb(102, 102, 102); font-family: Arial, &quot;Helvetica Neue&quot;, Helvetica, sans-serif; background-color: rgb(255, 255, 255);'><font size='3'> </font></p><p style='box-sizing: border-box; margin-top: 0px; margin-bottom: 10px; line-height: 20px; color: rgb(102, 102, 102); font-family: Arial, &quot;Helvetica Neue&quot;, Helvetica, sans-serif; background-color: rgb(255, 255, 255);'><font size='3'>Below is a list of existing CAs and the associated design guides along with dates that each Conservation Area was designated by the Department of the Environment;</font></p><ul><li><font size='3'><a href='http://www.planningni.gov.uk/index/policy/supplementary_guidance/conservation/conservation_map/conservation_cushendall.htm' style='box-sizing: border-box; color: rgb(2, 93, 113); text-decoration-line: none;'>Cushendall Conservation Area</a> – Designated as a CA in 1975, being only the second such area in Northern Ireland.  The CA includes the historic core of the village on the west bank of River Dall, together with the extensive wooded grounds of The Cottage and Court McMartin, and the older parts of the settlement on Kilnadore Road and Coast Road.  The current Cushendall Conservation Area Design Guide was published in November 1993.</font></li></ul><p style='box-sizing: border-box; margin-top: 0px; margin-bottom: 10px; line-height: 20px; color: rgb(102, 102, 102); font-family: Arial, &quot;Helvetica Neue&quot;, Helvetica, sans-serif; background-color: rgb(255, 255, 255);'><font size='3'> </font></p><ul><li><font size='3'><a href='http://www.planningni.gov.uk/index/policy/supplementary_guidance/conservation/conservation_map/conservation_cushendun.htm' style='box-sizing: border-box; color: rgb(2, 93, 113); text-decoration-line: none;'>Cushendun Conservation Area</a> – The village and surrounding lands were designated as a CA in 1980 due to its unique architectural inheritance, partly influenced by Clough Williams Ellis a leading architect of his time, and its picturesque setting.  The Cushendun Conservation Area Design Guide was published in December 1996.</font></li></ul><p style='box-sizing: border-box; margin-top: 0px; margin-bottom: 10px; line-height: 20px; color: rgb(102, 102, 102); font-family: Arial, &quot;Helvetica Neue&quot;, Helvetica, sans-serif; background-color: rgb(255, 255, 255);'><font size='3'> </font></p><ul><li><font size='3'><a href='http://www.planningni.gov.uk/index/policy/supplementary_guidance/conservation/conservation_map/conservation_ballycastle.htm' style='box-sizing: border-box; color: rgb(2, 93, 113); text-decoration-line: none;'>Ballycastle Conservation Area</a> – Designated as a CA in 1990, the area includes the historic upper town around The Diamond and part of the Lower Town and the connecting tree and villa lined mall of Quay Road. The Ballycastle Conservation Area Design Guide was published in June 1990.</font></li></ul><p style='box-sizing: border-box; margin-top: 0px; margin-bottom: 10px; line-height: 20px; color: rgb(102, 102, 102); font-family: Arial, &quot;Helvetica Neue&quot;, Helvetica, sans-serif; background-color: rgb(255, 255, 255);'><font size='3'> </font></p><ul><li><font size='3'><a href='http://www.planningni.gov.uk/index/policy/supplementary_guidance/conservation/conservation_map/conservation_bushmills.htm' style='box-sizing: border-box; color: rgb(2, 93, 113); text-decoration-line: none;'>Bushmills Conservation Area</a> – Designated as a CA in 1992, the central Market Square of the village includes a large grouping of Listed Buildings within the CA along with other heritage features and older parts of the world famous Bushmills Distillery and remains of mill races. The Bushmills Conservation Area Design Guide was published in June 1992.</font></li></ul><p style='box-sizing: border-box; margin-top: 0px; margin-bottom: 10px; line-height: 20px; color: rgb(102, 102, 102); font-family: Arial, &quot;Helvetica Neue&quot;, Helvetica, sans-serif; background-color: rgb(255, 255, 255);'><font size='3'> </font></p><ul><li><font size='3'><a href='http://www.planningni.gov.uk/index/policy/supplementary_guidance/conservation/conservation_map/conservation_ballymoney.htm' style='box-sizing: border-box; color: rgb(2, 93, 113); text-decoration-line: none;'>Ballymoney Conservation Area</a> – The historic core of Ballymoney was designated as a CA in 1994, radiating out from The Diamond to include Charlotte Street, High Street, Church Street, Victoria Street and Main Street.</font></li></ul><p style='box-sizing: border-box; margin-top: 0px; margin-bottom: 10px; line-height: 20px; color: rgb(102, 102, 102); font-family: Arial, &quot;Helvetica Neue&quot;, Helvetica, sans-serif; background-color: rgb(255, 255, 255);'><font size='3'> </font></p><p style='box-sizing: border-box; margin-top: 0px; margin-bottom: 10px; line-height: 20px; color: rgb(102, 102, 102); font-family: Arial, &quot;Helvetica Neue&quot;, Helvetica, sans-serif; background-color: rgb(255, 255, 255);'><font size='3'>The designation of Conservation Areas and the production of the associated design guides have contributed to the overall enhancement of the areas and resulted in the sympathetic restoration and physical regeneration of many buildings, some of which had lost part of their original character.  The designations and associated guides continue to play an important role in influencing and shaping the built form in these historic areas.  The aesthetic reasons for retaining the best of the built inheritance has helped raise public awareness of conservation.  Many environmental and economic benefits can also be derived from Conservation Area designations, such as tourism and heritage related leisure activities making them desirable places to live, work, shop and do business.</font></p></div>"
london,16,data.gov.uk,article4-direction-documentation,Article4 Direction Documentation,London Borough of Barnet,https://www.data.gov.uk/dataset/article4-direction-documentation,https://www.data.gov.uk/api/3/action/package_show?id=article4-direction-documentation,ckan_package,,London borough open data trees parking planning conservation areas,"An article 4 direction is a direction under article 4 of the General Permitted Development Order which enables the Secretary of State or the local planning authority to withdraw specified permitted development rights across a defined area. The following documents are the legal orders for article 4 directions within the London Borough of Barnet.
The documents below may include historical information on permitted development classes removed under the relevant legislation at that time. They may include historic maps which may now be superseded. However, in order to fulfil the Open Digital Planning Program specifications, we have translated the old A4 direction classes into their modern counterparts, details of which (including links to individual maps) can be found in the individual Article 4 direction pages in Barnet.gov.uk"
london,14,data.gov.uk,gcn-strategic-opportunity-areas-england,GCN - Strategic Opportunity Areas (England),Natural England,https://www.data.gov.uk/dataset/gcn-strategic-opportunity-areas-england,https://www.data.gov.uk/api/3/action/package_show?id=gcn-strategic-opportunity-areas-england,ckan_package,,London borough open data trees parking planning conservation areas,"This dataset identifies areas where the addition of new ponds would benefit Great Crested Newt populations defined as strategic opportunity areas (SOAs). These England-wide dataset incorporates the SOAs for all regional areas.  The attribute “Strategy_Area_Name” defines these areas..The details below describe how the SOAs are scored for each region

The core areas contain a pond density of 2+ ponds and are located within a 25m square where great crested newt presence has been predicted.  Fringe areas contain a pond density of 1 and are located within a 25m square where great crested newt presence has been predicted or are within a 250m of a Core Area.  Typically urban areas greater than 2ha (+400m buffer), roads (7.5m buffer), and rivers (+7.5m) have been excluded unless otherwise stated..  

All scores are summed, scores ≤ 0 are not displayed. Higher scores are associated with darker colouration and represent a greater presence of suitable habitat features (density refers to the coverage of a habitat type with 250m of any 25m grid square):

Cambridgeshire  (Urban buffer reduced to 250m)
Density of arable land 0-50%			+1
Density of coniferous woodland 10-25%		+1
Density of deciduous woodland 10-100%	+1
Distance from deciduous woodland 0-100m	+1
Density of grassland 25-75%			+1
Nearest pond 0-125m				+1
pH 6.5-7.5					+1
Distance from rivers 150-1000m			+1

Cheshire
Soil pH 6.5 – 7.25				+1
Nearest Pond <100m				+1
River distance 100 – 1000m			+1
Density of grassland 10 – 70%			+1
Distance to deciduous woodland <100m		+1
Density of deciduous woodland 10 - 70%	+1
Soil Phosphorus 35 – 45			+1
Drainage Clay/Loamy				+1
Arable density 50 – 100%			-1

Cumbria
grassland density 10 - 66%			+1
distrance from woodland  < 100m		+1
Elevation 50 - 300m				+1
Nearest pond < 100m				+1
pH 6 – 7					+1
distance from arable >125m			+1
urban density 50 - 100%			-1

Derbyshire (Environment Agency Flood Zone 2 have been excluded)
Soil pH 6.5 – 7.5				+1
Elevation < 200m				+1
Grassland density 25 – 75%			+1
Distance to woodland < 100m			+1
Woodland density 10 -50%			+1
Distance to nearest pond < 100m		+1
Drainage classed as ‘Impeded’ or ‘Naturally Wet’		+1
Arable density 50 - 100%			-1

Dorset (Environment Agency Flood Zone 2 have been excluded)
pH 6-7						+1
Distance from grassland <100m			+1
Density of grassland 5-67%			+1
Distance from woodland <100m			+1
Density of woodland 5-67%			+1
Shannon-Weaver diversity -2 to -0.8		+1
Distance from arable land <250m		+1

Greater Manchester (Environment Agency Flood Zone 2 have been excluded; NO urban buffer)
grassland density 25 - 75%			+1
woodland density 5 - 75%			+1
Distance from rivers >1000m			+1
Soil pH 6.5 to 7.5  Phosphorus  30 to 40		+1
Arable land (density 50 - 100%)			-1 
Heather (density 33.33 - 100%).			-1

Hertfordshire (Environment Agency Flood Zone 2 have been excluded)
grassland density 5 - 50%			+1
distrance from woodland  < 100m		+1
distance to nearest pond 0 - 150m		+1
distance from rivers 50 - 1500m			+1
pH 6.75 – 7.25					+1
arable density 50-100%				-1
urban density 40-100%				-1

Kent
Distance from rivers 100-1000m			+1
Soil pH  6.5 - 7.5				+1
Soil phosphorus <40 g kg-1			+1
Density of arable land 0-33.3% 			+1
Density of grassland 20-66.6%			+1
Distance to trees 0-100m			+1
Soil Drainage (Free draining/slightly impeded) 	-1
Density of urban s 33.3-100%	 	-2

Lancashire
Arable density 0 - 33%				+1
Grassland density (including fen) 10-75%	+1
Distance from grassland (including fen) 0-100m	+1
Woodland density 10-33%			+1
Distance from woodland 0-100m			+1
Distance from rivers 100-1000m			+1
Elevation 0-150m				+1
pH 6.75-7.5					+1

Leicestershire (Environment Agency Flood Zone 2 have been excluded)
grassland density 25 - 75%			+1
distrance from woodland  < 100m		+1
woodland density 15 – 75%			+1
arable density 0 – 25%				+1
Distance from rivers <1500m			+1
pH 6.75 – 7.25					+1

Norfolk and Suffolk (Environment Agency Flood Zone 2 have been excluded)
Distance from a River 200 -2000m		+1
Soil pH 6.5 – 7.5				+1
Soil Phosphorus 35 -45 mg kg-1			+1
Arable Density < 33%				+1
Distance from Grassland <100m			+1
Grassland Density 10 -40%			+1
Distance from Woodland < 100m		+1

North East Yorkshire
Soil pH 6.75-7.25				+1
Density of grassland 10-80%			+1
Density of woodland 10-50%			+1
Nearest pond <125m				+1
Soil drainage is 'Impeded'			+1
Distance from rivers <100m			+1
Density of arable land 50 - 100%		+1

North West Yorkshire
Elevation 0 - 400m				+1
Density of woodland 10 - 60%			+1
Density of grassland 10 - 60%			+1
Soil pH 6.25 - 7.5				+1
Soil drainage 'Naturally wet' or ‘Impeded'	+1
Density of arable land 33 - 100%		-1
Presence of heather				-2

Northumberland
Distance from rivers 100 - 1250m		+1
Elevation 0 - 200m				+1
Distance from deciduous woodland 0 - 100m	+1
Density of arable 0 - 33%			+1
Distance from urban > 350m			+1
Density of grassland 10 - 60%			+1
Nearest pond 0 - 500m				+1
Presence of coniferous woodland		-2
Presence of heather				-2
Presence of acid grassland			-2

South and East Yorkshire
pH 6.75-7.5					+1
Density of grassland 10-66%			+1
Distance from woodland <100m			+1
Shannon-Weaver diversity -1.5 to -0.6		+1
Soil drainage Impeded, Naturally Wet or Water	+1
Density of arable 50-100%			-1
Land classification is Acid Grassland or Bog	-2

Shropshire (Environment Agency Flood Zone 2 have been excluded)
grassland density 10% - 50%			+1
distance to deciduous woodland 0 - 200m	+1
coniferous woodland density 0% - 25%		+1
Within 500m - 2000m of a river			+1
arable density 33.33% - 100%			-1
heather density 33.33% - 100%			-1
distance to nearest pond > 750m		-1

Somerset (Environment Agency Flood Zone 2 have been excluded)
grassland density 10 - 60%			+1
woodland density 5 - 60%			+1
arable density 0 - 50%				+1
Soil Type – Sand					-1

Swindon & Wiltshire (Environment Agency Flood Zone 2 have been excluded)
grassland density 25% - 75%			+1
distance to woodland 0 - 100m			+1
arable density 0 - 50%				+1
within 100m - 1500m of a river			+1
soil pH 6.5 – 8					+1

West of England (Environment Agency Flood Zone 2 have been excluded)
grassland density 10 - 60%			+1
woodland density 5 - 60%			+1
arable density 0 - 50%				+1
Soil Type – Sand					-1 Attribution statement: © Natural England, 2019
© Natural England, 2020
© Natural England, 2021
© Natural England, 2022
© Basildon Borough Council 2019 Ordnance Survey 100018871
© Bath & North East Somerset Council 2019
© Blaby District Council, 2020
© Blackburn Council & Darwen Unitary Authority, 2020
© Bolton Council 2019 Ordnance Survey Licence Number LA100019389
© Bournemouth Borough Council 2019 Ordnance Survey 100019829
© Braintree District Council 2019, Ordnance Survey 100018490
© Braintree District Council 2021, Ordnance Survey 100018490
© Brentwood Borough council 2019
© Brentwood Borough Council 2021, Ordnance Survey 100018309
© Bristol City Council 2019, Ordnance Survey Licence Number 100023406
© Bristol Regional Environmental Records Centre, 2019
© Bury council 2019 Ordnance Survey Licence Number 100023063
© Castle Point Borough Council 2019
© Charnwood Borough Council, 2020
© Chelmsford City Council 2019, Ordnance Survey 100023562
© Chelmsford City Council 2021, Ordnance Survey 100023562
© Christchurch and East Dorset 2019 Ordnance Survey 100024319
© Colchester Borough Council 2019, Ordnance Survey 100023706
© Crown copyright and database rights 2022 OS 100023397, you are not permitted to copy, sub-license, distribute or sell any of this data to third parties in any form
© Derbyshire Amphibian & Reptile Group, 2021
© Derbyshire Wildlife Trust, 2020
© Dorset Environmental Records Centre. 
© Environment Agency copyright and/or database right 2018. All rights reserved. Some features of this map are based on digital spatial data from the Centre for Ecology & Hydrology, © NERC (CEH). © Crown copyright and database rights 2018 Ordnance Survey 100024198
© Environmental Records Information Centre North East, 2020
© Epping Forest District Council 2019, Ordnance Survey 100018534
© Epping Forest District Council 2021, Ordnance Survey 100018534
© Essex County Council 2019 Ordnance Survey 100019602
© Essex Recorders partnership, 2019
© European Environment Agency, Copernicus Programme 2016
© Freshwater Habitats Trust - PondNet monitoring scheme, 2018
© Freshwater Habitats Trust, PondNet monitoring scheme 2018
© Greater Lincolnshire Nature Partnership. Crown copyright and database rights 2019 Ordnance Survey licence number 100025370
© Greater Manchester Combined Authority 2019 Ordnance Survey 100037229
© Greater Manchester Local Record Centre, hosted by Tameside MBC. Crown copyright and database rights [year], Ordnance Survey Licence No LA100022697.
© Harborough District Council, 2020
© Harlow Council 2019, Ordnance Survey 100019627
© Harlow Council 2021, Ordnance Survey 100019627
© Hinkley and Bosworth Borough Council, 2020
© HS2 Limited, 2017
© HS2 Limited, 2020
© Lancashire Environment Record Network, Lancashire County Council, Crown copyright and database rights 2019 Ordnance Survey licence number 100023320
© Lancaster City Council, 2020
© Leicester City Council, 2020
© Leicestershire & Rutland Environmental Records Centre, 2020
© Leicestershire County Council, 2020
© Lincolnshire County Council, 2020
© Lincolnshire Environmental Records Centre, 2021
© Maldon District Council 2019, Ordnance Survey 100018599
© Manchester City Council 2019
© Melton Borough Council, 2020
© Mendip District Council 2019, Ordnance Survey Licence number 100019309
© Norfolk Biodiversity Information Service, 2019
© North and East Yorkshire Ecological Data Centre, 2021
© North Dorset Council 2019 Ordnance Survey LA100013415
© North Somerset Council 2019, Ordnance Survey Licence Number 100023397
© North West Leicestershire, 2020
© Nottinghamshire Biological and Geological Records Centre, 2020
© Oadby and Wigston Borough Council, 2020
© Oldham Council 2019
© Poole Council 2019 Ordnance Survey 100024248
© Purbeck District Council 2019, Ordnance Survey LA100022058
© Record Pool c/o Yorkshire ARG, 2021
© Ribble Valley Borough Council, 2020
© Rochdale Borough Council 2019
© Rochford District Council 2019, Ordnance Survey 100018109
© Rushcliffe Borough Council, 2020
© Rutland County Council, 2020
© Salford City Council 2019 Ordnance Survey 100019737
© Sedgemoor District Council 2019  Contains public sector information licensed under the Open Government Licence v3.0. http://www.nationalarchives.gov.uk/doc/open-government-licence/version/3/
© Shropshire Council 2019
© Shropshire Ecological Data Network (OS Map data is supplied and used under licence from Shropshire Council © Crown Copyright 2016 OS 100049049).
© Somerset West & Taunton Council 2019, Ordnance Survey Licence number  100022861?
© Somserset County Council Crown copyright and database rights 2015 Ordnance Survey licence number 100038382. 
© Somserset County Council Crown copyright and database rights 2015 Ordnance Survey licence number 100038382. Metadata text: great crested newt data was provided by the Somerset Environmental Records Centre (SERC, www.somerc.com). 
© South Gloucestershire Council, 2019, Ordnance Survey Licence Number 100023410
© South Kesteven District Council, 2020
© South Somerset District Council 2019, Ordnance Survey Licence number 100019471 
© Southend-on-Sea Borough Council 2021
© SP Energy Networks
© Stockport Metropolitan Borough Council 2019 LA 100019571
© Swindon Borough Council 2019 Ordnance Survey 100024296.
© Tameside Metropolitan Borough Council 2020
© Tendring District Council 2019, Ordnance Survey 100018684
© Tendring District Council 2021, Ordnance Survey 100018684
© Thurrock Council 2019, Ordnance Survey 100025457
© Uttlesford District Council 2019, Ordnance Survey 100018688
© West Dorset District Council 2019, Ordnance Survey 100024307
© West Yorkshire Ecological Service. Crown Copyright and database right [2019] Ordnance Survey licence number WMDC100019574
© Wigan Metropolitan Borough Council 2020 Ordnance Survey 100019578
© Wiltshire Council 2019 Ordnance Survey 100049050
© WSBRC Crown Copyright and database rights (2019) Ordnance Survey Licence Number 100005798
© WSBRC Crown Copyright and database rights (2019) Ordnance Survey Licence Number 100005798. 
Allocations © Lake District National Park Authority 2021. Contains OS data © Crown copyright and database right [2021]. 
Amber Valley Borough Council © Crown copyright and database rights 2021 Ordnance Survey 100021321
Ashford District Council © Crown copyright and database rights 2020
Barnsley MBC © Crown copyright and database rights 2021 Ordnance Survey 100022264
Based upon LCM2015 © NERC (CEH) 2011. Contains Ordnance Survey data © Crown Copyright 2007
Based upon LCM2015 © NERC (CEH) 2017. Contains Ordnance Survey data © Crown Copyright 2007, Licence number 100017572
Bolsover District Council © Crown copyright and database rights 2020 Ordnance Survey 100019526
Burnley Borough Council © Crown copyright and database rights 2020 Ordnance Survey 100021714
Canterbury City Council © Crown copyright and database rights 2020 Ordnance Survey 100019614
Cheshire East Council © Crown copyright and database rights 2020
Cheshire West and Chester Council © Crown copyright and database rights 2020
Chesterfield Borough Council © Crown copyright and database rights 2020 OS (0100018505)
Contains data supplied by Natural Environment Research Council © NERC (Centre for Ecology & Hydrology) and © Natural England
Contains Ordnance Survey data © Crown copyright and database right, 2019
Contains, or is derived from, information supplied by Ordnance Survey. © Crown copyright and database rights 2019 Ordnance Survey 100022021
Contains, or is derived from, information supplied by Ordnance Survey. © Crown copyright and database rights 2020 Ordnance Survey 100022021
Contains, or is derived from, information supplied by Ordnance Survey. © Crown copyright and database rights 2021 Ordnance Survey 100022021
Craven District Council © Crown copyright and database rights 2020 Ordnance Survey 100024694
Darlington Borough Council © Crown copyright and database rights 2019 Ordnance Survey 0100023729
Dartford Borough Council © Crown copyright and database rights 2020
Derby City Council © Crown copyright and database rights 2020
Derbyshire County Council © Crown copyright and database rights 2020
Derbyshire Dales District Council © Crown copyright and database rights 2020
Doncaster Council © Crown copyright and database rights 2020
Dover District Council © Crown copyright and database rights 2020
Durham County Council © Crown copyright and database rights 2020
East Riding of Yorkshire Council © Crown copyright and database rights 2021
Folkstone & Hythe Council © Crown copyright and database rights 2020
Fylde Council © Crown copyright and database rights 2020 Ordnance Survey 100006084
Gravesham Borough Council © Crown copyright and database rights 2020
Halton Borough Council © Crown copyright and database rights 2020
Harrogate Borough Council  © Crown copyright and database rights 2021 Ordnance Survey 100019628
Hartlepool Borough Council © Crown copyright and database rights 2020 Ordnance Survey 100023390
HS2 Limited, 2020
Hyndburn Borough Council © Crown copyright and database rights 2020 Ordnance Survey LA100022321
Kent County Council © Crown copyright and database rights 2020
Kingston Upon Hull City Council © Crown copyright and database rights 2020 Ordnance Survey 100023372
Leeds City Council © Crown copyright and database rights 2020
Maidstone District Council © Crown copyright and database rights 2020
Medway Council © Crown copyright and database rights 2020 Ordnance Survey 100024225
Newcastle City Council © Crown copyright and database rights 2020
North East Derbyshire District Council © Crown copyright and database rights 2020 Ordnance Survey 100019665
North Lincolnshire Council © Crown copyright and database rights 2020
North Tyneside Council © Crown copyright and database rights 2020
North Yorkshire County Council] © Crown copyright and database rights 2021 Ordnance Survey OS 100017946
Northumberland County Council © Crown copyright and database rights 2020
Northumberland National Park Authority © Crown copyright and database rights 2020
Pendle Council © Crown copyright and database rights 2020 Ordnance Survey 100019669-2016
Richmondshire District Council © Crown copyright and database rights 2021
Rossendale Borough Council © Crown copyright and database rights 2020 Ordnance Survey 100023294
Rotherham Metropolitan Borough Council © Crown copyright and database rights 2020
Sevenoaks District Council © Crown copyright and database rights 2020
Soils Data © Cranfield University (NSRI) and for the Controller of HMSO 2019
South Derbyshire District Council © Crown copyright and database rights 2020
Stockton on Tees Borough Council© Crown copyright and database rights 2020
Swale Borough Council © Crown copyright and database rights 2020
Telford and Wrekin Council © Crown copyright and database rights 2020 Ordnance Survey 100019694
Thanet District Council © Crown copyright and database rights 2020
Tonbridge & Malling District Council © Crown copyright and database rights 2020
Tunbridge Wells District Council © Crown copyright and database rights 2020
Wakefield Council © Crown copyright and database rights 2020
Warrington Borough Council © Crown copyright and database rights 2020
West Lancashire Borough Council © Crown copyright and database rights 2020 Ordnance Survey 100024309
Wyre Borough Council © Crown copyright and database rights 2020 Ordnance Survey 100018720"
london,14,data.gov.uk,hackney-metropolitan-open-land,Hackney Metropolitan Open Land,London Borough of Hackney,https://www.data.gov.uk/dataset/hackney-metropolitan-open-land,https://www.data.gov.uk/api/3/action/package_show?id=hackney-metropolitan-open-land,ckan_package,,London borough open data trees parking planning conservation areas,"Land designated Metropolitan Open Land (MOL) is afforded the same level of protection as the Metropolitan Green Belt. Designation is intended to protect areas of landscape, recreation, nature conservation and scientific interest which are strategically important. Any alterations to the boundary of MOL should be undertaken by Hackney through the LDF process, in consultation with the Mayor and adjoining authorities.  Land designated as MOL should satisfy at least one of the following criteria:
- land that contributes to the physical structure of London by being clearly distinguishable from the built-up area
- land that includes open air facilities, especially for leisure, recreation, sport, arts and cultural activities and tourism which serve the whole or significant parts of London
- land that contains features or landscapes of historic, recreational, nature conservation or habitat interest, of value at a metropolitan or national level
- land that forms part of a Green Chain and meets one of the above criteria.

Created over OS historic maps. Data has been digitised from paper maps. "
london,14,data.gov.uk,stockton-on-tees-borough-council-conservation-areas1,Stockton-on-Tees Borough Council Conservation Areas,Stockton-on-Tees Borough Council,https://www.data.gov.uk/dataset/stockton-on-tees-borough-council-conservation-areas1,https://www.data.gov.uk/api/3/action/package_show?id=stockton-on-tees-borough-council-conservation-areas1,ckan_package,,London borough open data trees parking planning conservation areas,"Conservation Areas Development within or otherwise affecting the setting of a conservation area will only be permitted where it preserves or enhances the character or appearance of the conservation area. Development must: a) Respect existing architectural and historic character and associations by having regard to the positioning and grouping, form, scale, detailing of development and the use of materials in its construction; b) Respect existing hard and soft landscaping features including areas of open space, trees, hedges, walls, fences, watercourses and surfacing and the special character created by them; and c) Respect historic plot boundaries and layouts. Open Spaces Built development will not be permitted on public and private open spaces within or adjacent to conservation areas where those spaces are of special historic significance, are important to the landscape or townscape qualities of the conservation area or provide views or vistas into, from or within the conservation area. Demolition Development involving the demolition of buildings or structures in a conservation area will only be permitted if: d) It is demonstrated that the structural condition of the building prevents its repair; e) The building makes no positive contribution to the architectural or historic character of the conservation area; and f) There are approved detailed plans for the redevelopment of the site and a contract has been entered into for the implementation of that redevelopment. Outline applications for planning permission will not be acceptable for development in conservation areas."
london,12,data.gov.uk,bolton-allocations-plan-gis-data,Bolton Allocations Plan GIS Data,Bolton Metropolitan Borough Council,https://www.data.gov.uk/dataset/bolton-allocations-plan-gis-data,https://www.data.gov.uk/api/3/action/package_show?id=bolton-allocations-plan-gis-data,ckan_package,,London borough open data trees parking planning conservation areas,"This dataset contains shapefiles for Bolton Council's Allocations Plan which can be released under the open government license. 

We cannot publish the following datasets: 
•	Bolton District Area 
•	Historic Parks and Gardens 
•	Sites of Special Scientific Interest
•	Conservation areas
•	The Ancient Monument data
•	Sites of Biological Importance 
•	Urban Bolton
"
london,12,data.gov.uk,conservation-areas64,Conservation Areas,London Borough of Hammersmith and Fulham,https://www.data.gov.uk/dataset/conservation-areas64,https://www.data.gov.uk/api/3/action/package_show?id=conservation-areas64,ckan_package,,London borough open data trees parking planning conservation areas,Areas of special architectural or historic interests designated by the Council as defined in the Planning (Listed Buildings and Conservation Areas) Act 1990.
london,12,data.gov.uk,conservation-areas-northumberland,Conservation Areas,Northumberland County Council,https://www.data.gov.uk/dataset/conservation-areas-northumberland,https://www.data.gov.uk/api/3/action/package_show?id=conservation-areas-northumberland,ckan_package,,London borough open data trees parking planning conservation areas,"Conservation areas are places of special architectural or historic interest with character or appearance which is desirable to preserve or enhance.

## How are they designated?

These areas are designated by local authorities who assess the ‘specialness’. A conservation area recognises, protects, and celebrates areas of special character to protect the area and its features.

## What defines ‘special character’ in a conservation area?

A conservation area will typically have a concentration of historic buildings, but its character and interest can come from other factors, including:

* Views in and out of the area
* Historic layout of property boundaries and roads
* Character and architectural style
* Social and historic associations
* How people experience places at different times of day and night and seasonally
* Locally important buildings
* Characteristic building materials
* Open spaces, green areas, parks and gardens, trees
* Street furniture, e.g., lamp posts, bollards, seating
* Colours and textures
* Local distinctiveness and sense of place

Character can also draw on more abstract ideas such as sounds, environmental conditions, and historical changes, which create a distinctive sense of place, a feature that’s wholly protected.

There are more than 8,000 conservation areas in England.

For additional information on Conservation areas within Northumberland, please visit [our website](https://www.northumberland.gov.uk/planning-and-building/conservation/conservation-areas).

---

Data is aligned to the specifications for the [Planning Data Platform](https://www.planning.data.gov.uk/), in accordance with the [guidance](https://www.planning.data.gov.uk/guidance/specifications/conservation-area) and [specifications](https://digital-land.github.io/specification/specification/conservation-area/) for Conservation Area data.

For any data questions or amendments, please contact the Conservation Team at [conservation@northumberland.gov.uk](mailto:conservation@northumberland.gov.uk) or 0345 600 6400."
london,12,data.gov.uk,habitat-point-records-from-1985-87-procter-torbay-caves-survey,Habitat point records from 1985-87 Procter Torbay caves survey,Joint Nature Conservation Committee,https://www.data.gov.uk/dataset/habitat-point-records-from-1985-87-procter-torbay-caves-survey,https://www.data.gov.uk/api/3/action/package_show?id=habitat-point-records-from-1985-87-procter-torbay-caves-survey,ckan_package,,London borough open data trees parking planning conservation areas,"The massive limestone promontory of Berry Head is probably the most impressive outcrop of Devonian limestone in south Devon. Forming the southern tip of Torbay, the head shelters the fishing port of Brixham, which has grown up in the protection it gives from the prevailing southwesterly gales. Berry Head has a long history; apart from it's importance to shipping, it is surrounded on three sides by the sea and forms and excellent defensive position. There was once an iron age fort here and today the scene is dominated by two Napoleonic forts: one on Berry Head, the other on Oxley Head a few hundred metres to the southwest. To the naturalist the head is better known for the many unusual plants, insects and birds that can be seen there. Among the plants are such spectacular rarities as white rock rose, tree mallow and six species of orchids: the birds include the largest breeding colony of auks (mainly guillemots) on the Channel coast together with a variety of other breeding seabirds. The north side of the headland is scarred by the disused Berry Head Quarry. Work here ceased in 1969 after the quarry had been worked to the limits of the lease and down to sea level. Faced with imminent closure, the quarry company produced a series of proposals to remove even more of the headland, accompanied by increasingly silly ideas for turning the resultant devastation into a tourist attraction. These ranged from landscaping the cliffs with piles of boulders to restaurants, marinas, bridges over the quarry, an ornamental seawater lagoon, and escalator stairways up the cliff. Fortunately they were all rejected. Strangely, until recently Berry Head has received little attention from cavers. Before 1983 the only recorded caves were Ash Hole, a few in the quarry, and the sea caves in the cliffs to the south. Sporadic work by various people turned up other caves , but since they were never recorded they were duly lost again. All this changed in 1983, when Peter Glanvill started a systematic investigation of sea level caves on the south side of the head. In 1984 the Devon Spelaeological Society explored Hogberry Cave at the east end of the quarry. The following year Corbridge Cave was explored, again by DSS. A systematic exploration of the headland was then begun by some DSS members and new finds followed rapidly, with the result that today there are over 50 caves on record. What has been revealed is a complex of coastal caves that is unique in Great Britain. The area can now provide some very interesting caving. The Corbridge-Cavern system offers a maze like system over 200 metres long with a series of tidal pools at low level. Several smaller caves in the quarry are also worth visiting, and some of the quarry caves are well decorated. A collectors piece is the 43 metres deep vertical rift system of Sweetwater Pot, which has one of the deepest sumps in Devon and is reached by an unnerving abseil down the quarry face. Under the quarry floor and on the south side of Berry Head, flooded sea level caves give decidedly `different` caving, in which careful timing of trips to coincide with low tide can be essential. Further south, the underground lakes of Durl Head Cave and Oxley Head Cave can be explored by boat or swimming, and provide some entertaining diving. A feature of all the sea level caves is the abundant and often spectacular marine life, which even penetrates into the pools of Corbridge Cave, where prawns, eels and other animals have been found. The Berry Head caves have a number of features of particular scientific interest. Most of the caves are solutional in origin, showing the features of phreatic (sub water-table) development. Much of the horizontal passage development is at an altitude of a round 24m O.D, just below the level of an old marine erosion platform visible on the south side of the Head at 28m O.D. Horizontal cave development at low level also lies just below fossil marine platforms, at levels of +8.5m O.D and 4m O.D. The marine platforms mark former periods of higher sea level. Horizontal passage networks probably formed just below sea level, within or at the base of a thin freshwater layer overlying a seawater aquifer which extended under the whole headland (seawater is saturated with calcium carbonate and cannot dissolve limestone to form caves). A second mechanism of cave formation is mechanical erosion by the sea, which has formed the large sea caves to the south of Berry Head. Where the sea has broken into pre-existing solution caves, a hybrid type is seen, where a large sea cave passage leads into a network of smaller solutional passages i.e. Garfish Cave. It is possible that in future Berry Head will prove to be important in the study of former sea levels ; the well preserved caves and their sediments may provide a more detailed record of change than surface evidence which has often been destroyed. The biology of the caves is still being investigated. A small bat colony regularly roosts in the dry caves, but of potentially greater interest is the marine fauna of the flooded low level caves. The most spectacular life is seen in short submerged caves along the coast, and in the threshold zone of larger caves in the same situation. Here the passage walls and roof are covered with encrusting animals. Sponges, hydroids, red sea squirts and anenomes are usually present, with one or two species often completely dominant in any one place. Further in, otherwise bare walls may be dotted with odd sponges, anenomes, cup corals and tube worms competing for existence in an environment where lessened water movement brings less food. Such forms may penetrate well into the dark zone, as in Garfish Cave. The most extreme marine cave environment as yet studied on Berry Head is the underground `creek` that runs up through Corbridge Cave, connecting a large pool in the west bay of the quarry to the sea. The only water movement is a tidal flow that reverses every few hours as water flows in and out of the system, and due to freshwater dilution the water is brackish. The Corbridge Cave tidal sumps provide a window into the `creek`; the sea anenome Cerianthus lloydii has been found burrowing in thick mud on the floor and a few worms and other forms hang on where tidal currents keep mud from settling on the walls, but generally life is sparse. The shallow tidal pool in the west bay of the quarry, connected to the sea only by this underground `creek`, is in effect an isolated brackish lake. In the 20 years since it was quarried out, it has been colonised by various estuarine worms, molluscs and crustacea. Larger mobile marine animals are also present. In caves that open directly to the sea, many fish and crustaceans can be found, notably prawns, which like bats in a dry cave use it as a daytime retreat. Prawns regularly penetrate into Corbridge Cave; common eels have been seen in Corbridge Cave and in the tidal pool beyond it. The results of the first stage of the investigation of the Berry Head caves - their survey - are presented here. This atlas is concerned mainly with Berry Head itself, and surveys of all the significant caves within this area are included. A list of the minor sites is given at the end of the survey section. The area covered does not include any of the well known `Berry Head Sea Caves` since none of these are actually on the head: they are scattered along the coast between Berry Head and St Mary's Bay to the south. Since they are popularly associated with Berry Head, however, descriptions of them are given in a separate section at the back. Thus in total the area covered encompasses all the limestone area east of Brixham. The present publication is intended to cover all caves known up to July 1987: I would be very grateful for information about any errors, ommissions and new discoveries, so that the atlas can be kept up to date and as accurate as possible. ACCESS Apart from Ash Hole, the Berry Head Caves lie within Berry Head Country Park, and in November 1986 became a site of special scientific interest on account of the bat colony and other special features of the caves. Permission is necessary to visit all caves in the country park; intending visitors should contact the warden. At present permission can only normally be given to members of a recognised caving club. The following special CORBRIDGE CAVE, HOGBERRY CAVE, SHAKY CAVE, HIGHER SHAKY CAVE. Gated: the owner has specified that all parties must be led - please please give advance notice so that a leader can be arranged. SWEETWATER POT, BATHBERRY CAVE, SPAR CAVE. Acessible only by a 55m abseil down the quarry face: tackle 60m rope and long belays to dubious fence post on cliff tops (use more than one). SEA LEVEL CAVES. Most are accessible only at low tide and in calm water. A wetsuit is necessary, and remember there are strong currents round the headland. Anyone wishing to carry out exploratory or scientific work is requested to obtain permission before doing so, in order to avoid conflicts with conservation interests and those of other workers. Berry Head is first and foremost a nature reserve, and it is essential that the wishes of the warden and the owners (Torbay Borough Council) be respected if cavers wish to keep access to the caves. Ash Hole is privately owned, but there has been free access for many yaers and the currentsituation seems to be that no permission is needed. The sea caves south of Berry Head are similarly without access restrictions, though a boat is necesary to visit the caves on Oxley Head. The bird colony below Oxley Head is covered by an area of special protection, and no climbing on the cliffs is permitted between March 15th and July 31st: this includes Rock Dove cave which is thus innaccessible for this period. Anyone boating near nesting seabirds is asked to keep nois to an absolute minimum. Loud noises may frighten the birds and result in eggs and nestlings being knocked from the cliff ledges."
london,12,data.gov.uk,species-point-records-from-1985-87-procter-torbay-caves-survey,Species point records from 1985-87 Procter Torbay caves survey,Joint Nature Conservation Committee,https://www.data.gov.uk/dataset/species-point-records-from-1985-87-procter-torbay-caves-survey,https://www.data.gov.uk/api/3/action/package_show?id=species-point-records-from-1985-87-procter-torbay-caves-survey,ckan_package,,London borough open data trees parking planning conservation areas,"The massive limestone promontory of Berry Head is probably the most impressive outcrop of Devonian limestone in south Devon. Forming the southern tip of Torbay, the head shelters the fishing port of Brixham, which has grown up in the protection it gives from the prevailing southwesterly gales. Berry Head has a long history; apart from it's importance to shipping, it is surrounded on three sides by the sea and forms and excellent defensive position. There was once an iron age fort here and today the scene is dominated by two Napoleonic forts: one on Berry Head, the other on Oxley Head a few hundred metres to the southwest. To the naturalist the head is better known for the many unusual plants, insects and birds that can be seen there. Among the plants are such spectacular rarities as white rock rose, tree mallow and six species of orchids: the birds include the largest breeding colony of auks (mainly guillemots) on the Channel coast together with a variety of other breeding seabirds. The north side of the headland is scarred by the disused Berry Head Quarry. Work here ceased in 1969 after the quarry had been worked to the limits of the lease and down to sea level. Faced with imminent closure, the quarry company produced a series of proposals to remove even more of the headland, accompanied by increasingly silly ideas for turning the resultant devastation into a tourist attraction. These ranged from landscaping the cliffs with piles of boulders to restaurants, marinas, bridges over the quarry, an ornamental seawater lagoon, and escalator stairways up the cliff. Fortunately they were all rejected. Strangely, until recently Berry Head has received little attention from cavers. Before 1983 the only recorded caves were Ash Hole, a few in the quarry, and the sea caves in the cliffs to the south. Sporadic work by various people turned up other caves , but since they were never recorded they were duly lost again. All this changed in 1983, when Peter Glanvill started a systematic investigation of sea level caves on the south side of the head. In 1984 the Devon Spelaeological Society explored Hogberry Cave at the east end of the quarry. The following year Corbridge Cave was explored, again by DSS. A systematic exploration of the headland was then begun by some DSS members and new finds followed rapidly, with the result that today there are over 50 caves on record. What has been revealed is a complex of coastal caves that is unique in Great Britain. The area can now provide some very interesting caving. The Corbridge-Cavern system offers a maze like system over 200 metres long with a series of tidal pools at low level. Several smaller caves in the quarry are also worth visiting, and some of the quarry caves are well decorated. A collectors piece is the 43 metres deep vertical rift system of Sweetwater Pot, which has one of the deepest sumps in Devon and is reached by an unnerving abseil down the quarry face. Under the quarry floor and on the south side of Berry Head, flooded sea level caves give decidedly `different` caving, in which careful timing of trips to coincide with low tide can be essential. Further south, the underground lakes of Durl Head Cave and Oxley Head Cave can be explored by boat or swimming, and provide some entertaining diving. A feature of all the sea level caves is the abundant and often spectacular marine life, which even penetrates into the pools of Corbridge Cave, where prawns, eels and other animals have been found. The Berry Head caves have a number of features of particular scientific interest. Most of the caves are solutional in origin, showing the features of phreatic (sub water-table) development. Much of the horizontal passage development is at an altitude of a round 24m O.D, just below the level of an old marine erosion platform visible on the south side of the Head at 28m O.D. Horizontal cave development at low level also lies just below fossil marine platforms, at levels of +8.5m O.D and 4m O.D. The marine platforms mark former periods of higher sea level. Horizontal passage networks probably formed just below sea level, within or at the base of a thin freshwater layer overlying a seawater aquifer which extended under the whole headland (seawater is saturated with calcium carbonate and cannot dissolve limestone to form caves). A second mechanism of cave formation is mechanical erosion by the sea, which has formed the large sea caves to the south of Berry Head. Where the sea has broken into pre-existing solution caves, a hybrid type is seen, where a large sea cave passage leads into a network of smaller solutional passages i.e. Garfish Cave. It is possible that in future Berry Head will prove to be important in the study of former sea levels ; the well preserved caves and their sediments may provide a more detailed record of change than surface evidence which has often been destroyed. The biology of the caves is still being investigated. A small bat colony regularly roosts in the dry caves, but of potentially greater interest is the marine fauna of the flooded low level caves. The most spectacular life is seen in short submerged caves along the coast, and in the threshold zone of larger caves in the same situation. Here the passage walls and roof are covered with encrusting animals. Sponges, hydroids, red sea squirts and anenomes are usually present, with one or two species often completely dominant in any one place. Further in, otherwise bare walls may be dotted with odd sponges, anenomes, cup corals and tube worms competing for existence in an environment where lessened water movement brings less food. Such forms may penetrate well into the dark zone, as in Garfish Cave. The most extreme marine cave environment as yet studied on Berry Head is the underground `creek` that runs up through Corbridge Cave, connecting a large pool in the west bay of the quarry to the sea. The only water movement is a tidal flow that reverses every few hours as water flows in and out of the system, and due to freshwater dilution the water is brackish. The Corbridge Cave tidal sumps provide a window into the `creek`; the sea anenome Cerianthus lloydii has been found burrowing in thick mud on the floor and a few worms and other forms hang on where tidal currents keep mud from settling on the walls, but generally life is sparse. The shallow tidal pool in the west bay of the quarry, connected to the sea only by this underground `creek`, is in effect an isolated brackish lake. In the 20 years since it was quarried out, it has been colonised by various estuarine worms, molluscs and crustacea. Larger mobile marine animals are also present. In caves that open directly to the sea, many fish and crustaceans can be found, notably prawns, which like bats in a dry cave use it as a daytime retreat. Prawns regularly penetrate into Corbridge Cave; common eels have been seen in Corbridge Cave and in the tidal pool beyond it. The results of the first stage of the investigation of the Berry Head caves - their survey - are presented here. This atlas is concerned mainly with Berry Head itself, and surveys of all the significant caves within this area are included. A list of the minor sites is given at the end of the survey section. The area covered does not include any of the well known `Berry Head Sea Caves` since none of these are actually on the head: they are scattered along the coast between Berry Head and St Mary's Bay to the south. Since they are popularly associated with Berry Head, however, descriptions of them are given in a separate section at the back. Thus in total the area covered encompasses all the limestone area east of Brixham. The present publication is intended to cover all caves known up to July 1987: I would be very grateful for information about any errors, ommissions and new discoveries, so that the atlas can be kept up to date and as accurate as possible. ACCESS Apart from Ash Hole, the Berry Head Caves lie within Berry Head Country Park, and in November 1986 became a site of special scientific interest on account of the bat colony and other special features of the caves. Permission is necessary to visit all caves in the country park; intending visitors should contact the warden. At present permission can only normally be given to members of a recognised caving club. The following special CORBRIDGE CAVE, HOGBERRY CAVE, SHAKY CAVE, HIGHER SHAKY CAVE. Gated: the owner has specified that all parties must be led - please please give advance notice so that a leader can be arranged. SWEETWATER POT, BATHBERRY CAVE, SPAR CAVE. Acessible only by a 55m abseil down the quarry face: tackle 60m rope and long belays to dubious fence post on cliff tops (use more than one). SEA LEVEL CAVES. Most are accessible only at low tide and in calm water. A wetsuit is necessary, and remember there are strong currents round the headland. Anyone wishing to carry out exploratory or scientific work is requested to obtain permission before doing so, in order to avoid conflicts with conservation interests and those of other workers. Berry Head is first and foremost a nature reserve, and it is essential that the wishes of the warden and the owners (Torbay Borough Council) be respected if cavers wish to keep access to the caves. Ash Hole is privately owned, but there has been free access for many yaers and the currentsituation seems to be that no permission is needed. The sea caves south of Berry Head are similarly without access restrictions, though a boat is necesary to visit the caves on Oxley Head. The bird colony below Oxley Head is covered by an area of special protection, and no climbing on the cliffs is permitted between March 15th and July 31st: this includes Rock Dove cave which is thus innaccessible for this period. Anyone boating near nesting seabirds is asked to keep nois to an absolute minimum. Loud noises may frighten the birds and result in eggs and nestlings being knocked from the cliff ledges."
london,12,data.gov.uk,tpo-single-trees13,TPO Single Trees,City of Bradford Metropolitan District Council,https://www.data.gov.uk/dataset/tpo-single-trees13,https://www.data.gov.uk/api/3/action/package_show?id=tpo-single-trees13,ckan_package,,London borough open data trees parking planning conservation areas,"<div style='text-align:Left;'><div><div><p><span>Bradford Council maintains 2 separate data sources for its recording and management of Tree Preservation Orders (TPO), Single_Tree_Inspire and Groups_Areas_Woodlands. Both datasets must be used in conjunction to provide a comprehensive dataset of TPO within its boundary. Users of this dataset must be aware that this is NOT the definitive dataset and reveals only Confirmed Orders. Any and all queries with regard to TPOs should be directed to Bradford Council’s Planning Department. In 2002 Bradford Council carried out a data capture exercise to digitise its paper (map based) records of its TPOs, since then it has created and managed its TPO records via ESRI’s desktop products and the IDOX Uniform TPO Module. A tree preservation order is a written order made by a local planning authority (e.g. a borough, district or unitary council or a national park authority) which, in general, makes it an offence to cut down, top, lop, uproot, wilfully damage or wilfully destroy a tree protected by that order without the authority’s permission.</span></p></div></div></div>"
london,12,data.gov.uk,tpo-trees-groups-areas-and-woodlands13,"TPO Trees (Groups, Areas and Woodlands)",City of Bradford Metropolitan District Council,https://www.data.gov.uk/dataset/tpo-trees-groups-areas-and-woodlands13,https://www.data.gov.uk/api/3/action/package_show?id=tpo-trees-groups-areas-and-woodlands13,ckan_package,,London borough open data trees parking planning conservation areas,"<div style='text-align:Left;'><div><div><p><span>Bradford Council maintains 2 separate data sources for its recording and management of Tree Preservation Orders (TPO), Single_Tree_Inspire and Groups_Areas_Woodlands. Both datasets must be used in conjunction to provide a comprehensive dataset of TPO within its boundary. Users of this dataset must be aware that this is NOT the definitive dataset and reveals only Confirmed Orders. Any and all queries with regard to TPOs should be directed to Bradford Council’s Planning Department. In 2002 Bradford Council carried out a data capture exercise to digitise its paper (map based) records of its TPOs, since then it has created and managed its TPO records via ESRI’s desktop products and the IDOX Uniform TPO Module. A tree preservation order is a written order made by a local planning authority (e.g. a borough, district or unitary council or a national park authority) which, in general, makes it an offence to cut down, top, lop, uproot, wilfully damage or wilfully destroy a tree protected by that order without the authority’s permission.</span></p></div></div></div>"
london,12,data.gov.uk,tree-preservation-orders-schedule-items2,Tree Preservation Orders schedule items,London Borough of Barnet,https://www.data.gov.uk/dataset/tree-preservation-orders-schedule-items2,https://www.data.gov.uk/api/3/action/package_show?id=tree-preservation-orders-schedule-items2,ckan_package,,London borough open data trees parking planning conservation areas,"The dataset contains polygons for Tree Preservation Order Schedule Items within the London Borough of Barnet. Tree Preservation Orders are made by the local planning authority to protect specific trees, groups or areas of trees or woodlands in the interests of public amenity – and formal consent is required for pruning or removing a tree so protected. An application form and guidance notes can be downloaded from the Planning Portal or Council’s website. It is an offence to contravene an Order by damaging or carrying out work on a protected tree without getting the necessary written consent of the London Borough of Barnet (as local planning authority). Further information can be found in the ‘Tree Preservation Orders and trees in conservation areas’ category of Planning Practice Guidance on the Gov.uk website. This data is an active and changing record of Tree Preservation Orders in the London Borough of Barnet and does not include trees that are covered by the more general conservation areas provisions.
*Footnote - Barnet is one of the Local Planning Authorities that received Government funding to improve their planning services through the Local Digital Fund. This aims to digitise Planning to make land and housing data easier to find, understand, use and trust. This data is also available on View planning and housing datasets with geographic location data on an interactive map here.

  
    Map of planning data for England | Planning Data (TPOs)
  


Licence
This dataset has been published by the London Borough of Barnet under the Open Government Licence (OGL) (v3). The licence has been applied following the Public Sector Mapping Agreement 'presumption to publish' process.
Acknowledgements
Please acknowledge the Information Provider through the following attribution statement:
© London Borough of Barnet, 2026, OGL v3.0
Contains OS data © Crown copyright and database right, 2026"
london,11,data.gov.uk,natural-capital-county-atlas-mapping-england,Natural Capital County Atlas Mapping (England),Natural England,https://www.data.gov.uk/dataset/natural-capital-county-atlas-mapping-england,https://www.data.gov.uk/api/3/action/package_show?id=natural-capital-county-atlas-mapping-england,ckan_package,,London borough open data trees parking planning conservation areas,"This spatial dataset is an output of the Natural England County & City Natural Capital Atlas project (July 2020). It shows variation in ecosystem service flow for habitats across England, based on indicators identified by NE in the 2018 Natural Capital Indicators project. The dataset comprises a hexagonal grid which summarises indicator values across the country (each unit = 5km²).  

Natural Capital is an important aspect of current environmental policy and management. This dataset, in combination with the other project outputs, will support understanding of Natural Capital in England and serve as a valuable engagement tool to communicate concepts of the Natural Capital approach to a wide variety of stakeholders.

For full methodology and user guide see documents ‘NCAtlas_Devon’ and ‘NC-Mapping-User-Guidance’ at http://publications.naturalengland.org.uk/publication/6672365834731520.

For full metadata documentation see the data package download below.

Copyright statement:
LCM2015 © NERC (CEH) 2011. Contains Ordnance Survey data © Crown Copyright 2007. © Defra. Contains Defra information © Defra - Project MB0102. © Environment Agency. © Forestry Commission. © Historic England [year]. © Joint Nature Conservation Committee. © Natural England copyright. Contains Ordnance Survey data © Crown copyright and database right [year]. Contains data supplied by © NERC - Centre for Ecology & Hydrology. © Natural England copyright. Natural England Licence No. 2011/052 British Geological Survey © NERC, all rights reserved, © NSRI Cranfield University. Contains National Statistics data © Crown copyright and database right [year]. Contains Ordnance Survey data © Crown copyright and database right [year]. Contains Rural Payments Agency. © Barnsley Metropolitan Borough Council. © Bath & North East Somerset Council. © Bedford Borough Council. © London Borough of Bexley. © Birmingham City Council. © Blackburn with Darwen Borough Council. © Blackpool Council. © Bolton Council. © BCP Council. © Bracknell Forest Council. © City of Bradford Metropolitan District Council. © Brighton & Hove City Council. © Bristol City Council. © London Borough of Bromley. © Buckinghamshire County Council. © Bury Council. © Calderdale Council. © Cambridgeshire County Council. © Central Bedfordshire Council. © Cheshire East Council. © Cheshire West and Chester Council. © Cornwall Council. © Cumbria County Council. © Derbyshire County Council. © Devon County Council. © Doncaster Council. © Dorset Council. © Dudley Metropolitan Borough Council. © Durham County Council. © East Riding of Yorkshire Council. © East Sussex County Council. © Essex County Council. © Gateshead Council. © Gloucestershire County Council. © Hampshire County Council. © Herefordshire Council. © Hertfordshire County Council. © Hull City Council. © Isle of Anglesey County Council. © Isle of Wight Council. © Kent County Council. © Kirklees Council. © Knowsley Metropolitan Borough Council. © Lake District National Park. © Lancashire County Council. © Leicester City Council. © Leicestershire County Council. © Lincolnshire County Council. © Manchester City Council. © Medway Council. © Norfolk County Council. © North Lincolnshire Council. © North Somerset Council. © North Yorkshire County Council. © Northamptonshire County Council. © Northumberland County Council. © Nottingham City Council. © Nottinghamshire County Council. © Oldham Council. © Oxfordshire County Council. © Peterborough City Council. © Plymouth City Council. © Bournemouth, Christchurch and Poole Council. © Portsmouth City Council. © Reading Borough Council. © Redcar and Cleveland Borough Council. © Rochdale Borough Council. © Rotherham Metropolitan Borough Council. © Rutland County Council. © Salford City Council. © Sefton Council. © Sheffield City Council. © Shropshire Council. © Slough Borough Council. © Somerset County Council. © South Gloucestershire Council. © Southampton City Council. © St Helens Council. © Staffordshire County Council. © Stockport Metropolitan Borough Council. © Stockton Council. © Suffolk County Council. © Surrey County Council. © Tameside Metropolitan Borough Council. © Thurrock Council. © Torbay Council. © Trafford Council. © Wakefield Council. © Walsall Council. © Warrington Borough Council. © Warwickshire County Council. © West Berkshire Council. © West Sussex County Council. © Wigan Council. © Wiltshire Council. © Royal Borough of Windsor and Maidenhead Council. © Wirral Council. © Wokingham Borough Council. © Worcestershire County Council. © City of York Council. Attribution statement: © Natural England copyright. Contains Ordnance Survey data © Crown copyright and database right [year]."
london,9,data.gov.uk,london-public-realm-trees1,London Public Realm Trees,Greater London Authority,https://www.data.gov.uk/dataset/london-public-realm-trees1,https://www.data.gov.uk/api/3/action/package_show?id=london-public-realm-trees1,ckan_package,,London borough open data trees parking planning conservation areas,"London Public Realm Tree Map – Dataset Overview 

The dataset is used on the London Public Realm Tree Map.
This dataset includes locations, species, and future climate suitability information for almost 1,140,000 public realm trees in London. For some trees, additional details such as size and age are also provided.
The dataset primarily covers street trees and trees in parks and open spaces, but also includes some trees located in school grounds and on publicly maintained housing land.
Please note: This dataset does not represent the entirety of London’s urban forest. The 
     London i-Tree 
   report estimated that there are over eight million trees across the capital, including those in woodlands, parks, streets, private gardens, and more.
 
Data Sources 


  
    Tree inventory data collated by GiGL from all 32 London boroughs, the City of London, Transport for London, the Royal Parks, the London Legacy Development Corporation (Queen Elizabeth Olympic Park), and Quintain (Wembley Park). For three boroughs, location data could not be provided for some or all tree records.
  
  
    
       Future Climate Suitability of London’s Public Realm Trees 
    
     report, which assesses London’s most common public realm tree species against climate conditions anticipated for 2090. This assessment is captured in a composite 2090 climate suitability score, included in this dataset.
  


  
Context 

As recognised in the 
     London Urban Forest Plan (LUFP) 
  , collating data about London’s urban forest is challenging due to the number of landowners and managers involved, as well as limited resources. Both the original LUFP and the 2025 update committed to:

  Regular updates to this map.
  Progress toward a London-wide inventory of publicly owned and managed trees, aligned with emerging national standards.
  Providing information on the climate resilience of London’s public trees.

This dataset is a significant step toward meeting these ambitions.

  
Notes on the Data 


  
    Map history:
  
  First published in 2016 (data compiled in 2014–15).
  Updated in 2021 (data compiled in 2019–20).
  Updated in May 2025 (data compiled in 2024–25). Where boroughs did not provide updated data in 2024–25, previous data has been retained (e.g., Bromley).
  
    Dec 2025 update - new features:
  
  Incorporates 2090 climate suitability scores and tree location types for the first time.
  Complete redesign of the map interface for improved filtering, viewing, and interpretation.
  
    Data limitations:
  
  Records are direct extracts from borough inventories; some may be several years old.
  Location data is missing for some records, creating gaps on the map.
  Large gaps also occur in areas such as woodlands, reservoirs, airports, or where borough data is incomplete.
  Data varies significantly by borough (e.g., some include only highway trees; others include housing land, schools, or parks).
  No consistent format for tree data collection across London; standardisation is ongoing.
  
    Species names have been standardised using the Royal Botanic Gardens, Kew’s Plants of the World Online taxonomy for simplified filtering (e.g., “Pear”).
  
  
    Tree ID numbers have been added for mapping purposes only; they are not linked to borough management systems.
  
  
    Tree Location Type (e.g., street tree, park tree, housing land tree, other) was developed by GiGL and the GLA to support filtering and analysis. 
  
  
    Street trees: Assigned using Ordnance Survey MasterMap Topography where the descriptive group contains “Road.”
  
  
    Park trees: Identified using Open Space PPG17 and Primary Use categories in GiGL’s Open Space Dataset, with a 10-metre buffer applied.
  
  
    Housing land trees: Manually assigned by GiGL based on departmental ownership.
  
  
    Note: Tree location type does not indicate management arrangements for individual boroughs or other tree owners.
  
  
    Climate Suitability: For more details on the 2090 Climate Suitability score, please refer to the 
      Future Climate Suitability of London’s Public Realm Trees
     report
  

   

  Warning: Large file size may result in a long download time"
london,9,data.gov.uk,map-data-lbrut,Map data LBRUT,London Borough of Richmond Upon Thames,https://www.data.gov.uk/dataset/map-data-lbrut,https://www.data.gov.uk/api/3/action/package_show?id=map-data-lbrut,ckan_package,,London borough open data trees parking planning conservation areas,"This service provides access toa  wide range of map data provided by teh London Borough of Richmond upon Thames.

It includes 

1) The Local Plan which  sets out the priorities for the development of the borough of LBRUT and will be used for making decisions on planning applications. It consists of a number of planning documents and guidance.
2) Community Infrastructure Levy zones - banded areas for this levy.
3)  Schools - a copy of the DofEducation data within LBRUT
4)  Conservation Areas"
london,9,data.gov.uk,opdc-local-plan-policies-map1,OPDC Local Plan Policies Map,Greater London Authority,https://www.data.gov.uk/dataset/opdc-local-plan-policies-map1,https://www.data.gov.uk/api/3/action/package_show?id=opdc-local-plan-policies-map1,ckan_package,,London borough open data trees parking planning conservation areas,"The Policies Map illustrates geographically all site specific policies set out in OPDC's Local Plan as adopted in June 2022. If you have any queries please get in contact at planningpolicy@opdc.london.gov.uk. 
NOTE: The boundaries are based on Ordnance Survey mapping and the data is published under Ordnance Survey's 'presumption to publish'. Contains OS data © Crown copyright and database rights 2022."
london,9,data.gov.uk,open-spaces23,Open Spaces,City of London,https://www.data.gov.uk/dataset/open-spaces23,https://www.data.gov.uk/api/3/action/package_show?id=open-spaces23,ckan_package,,London borough open data trees parking planning conservation areas,"Data recorded on all Open Spaces in the City. Analysis provided in the Open Spaces Audit. Contact Monitoring & Information team for further details. • Site Description – Records the name or description of the site – often part of the official name as used in the LLPG. • UPRN - As set out in the National Land & Property Gazetteer. Linked to UNISDELIVE.UFRM_BLPU_POINT In the LLPG. • Address – Matched to the LLPG entry for that UPRN. • Typology – Detailed classification of the principal use of the open space. See Open Spaces Audit for further details. • Hard or Green Open Space - Records the principal surface type of the open space. • Public Access – Records general access arrangements for the public. • Nature Conservation Sites – Records whether the site forms part of a Nature Conservation Site • Sport and Recreation Sites – Records details of sporting and other recreational facilities. • Historic Sites – Records if the site is part of a designated Historic Park and Garden • History – Any other relevant historical information. • Planting Beds, Wildlife Potential, Water Features – Other ancillary data of note. • Disabled Door/Step Access – Records accessibility with doors over 800mm and steps less than 15mm estimated. • Opening Hours – Records temporal access arrangements for the public. • Amount of Seating – Records estimated provision from survey.RT • Notes – Any other relevant information. • Key City Place – The Core Strategy Key City Place policy area • Status – Status of the open space - Proposed, Under Construction. Completed or Historic • Projected Start – Start date for proposed or under construction open spaces • Projected Completion – Completion date for proposed or under construction open spaces • Highway – Flag for whether the open space lied on the Highway Maintainable at Public Expense • Planning Permission – The relevant permission for proposed or under construction open spaces • Street Scene Reference – Internal reference where applicable Data updated in parallel with changes in the LLPG."
london,7,data.gov.uk,conservation-areas114,Conservation Areas,London Borough of Lambeth,https://www.data.gov.uk/dataset/conservation-areas114,https://www.data.gov.uk/api/3/action/package_show?id=conservation-areas114,ckan_package,,London borough open data trees parking planning conservation areas,shows the boundaries and locations of heritage assets in lambeth
london,7,data.gov.uk,dnpa-tree-preservation-orders-old,DNPA Tree Preservation Orders,Dartmoor National Park Authority,https://www.data.gov.uk/dataset/dnpa-tree-preservation-orders-old,https://www.data.gov.uk/api/3/action/package_show?id=dnpa-tree-preservation-orders-old,ckan_package,,London borough open data trees parking planning conservation areas,"A Tree Preservation Order is an order made by a local planning authority (London Boroughs,district or unitary councils and sometimes county councils) which in general makes it an offence to cut down, top, lop, uproot, wilfully damage or wilfully destroy a tree without the planning authority’s permission. This dataset is used as a planning constraint."
london,7,data.gov.uk,gla-interim-2015-based-population-projections,GLA: Interim 2015-based population projections,London Borough of Barnet,https://www.data.gov.uk/dataset/gla-interim-2015-based-population-projections,https://www.data.gov.uk/api/3/action/package_show?id=gla-interim-2015-based-population-projections,ckan_package,,London borough open data trees parking planning conservation areas,"<p>From January 2017 the GLA has revised its naming convention for it's population projections. Projections will now be labelled based on the latest mid-year estimate data which informs the projection. As such this set of projections is a 2015-based projection.</p>
<p>This set of projections is labelled &lsquo;interim&rsquo; in anticipation of a revised set of 2015-based projections which will inform the London Plan. Once released, in spring 2017, those projections will supersede this set.</p>
<p>Four variants of local authority level population projections, one ward-level projection and one msoa-level projection are currenty available:</p>
<p>&nbsp;</p>
<p><strong>Borough</strong></p>
<ul>
<li>Central Trend-based projection (using a 10-year migration scenario)</li>
</ul>
<ul>
<li>Short-term Trend-based projection (using a 5-year migration scenario)&nbsp;</li>
</ul>
<ul>
<li>Long-term Trend-based projection (using a 14-year migration scenario)</li>
</ul>
<ul>
<li>Housing-linked projection incorporating data from the 2013 SHLAA (consistent with the central trend model)</li>
</ul>
<p>&nbsp;</p>
<p><strong>Small Area</strong></p>
<ul>
<li>Ward-level projections consistent with the borough housing-led model</li>
</ul>
<ul>
<li>MSOA-level projections consistent with the borough housing-led model</li>
</ul>
<p>&nbsp;</p>
<p><strong>Documentation</strong></p>
<p>Methodology papers for all of the projections are availble on the <strong><a href=""https://data.london.gov.uk/dataset/interim-2015-based-projections-documentation"">documentation page</a></strong>&nbsp;for this dataset.</p>
<p>Reults Updates for the Trend and Housing-led projections are available on the documentation page.</p>
<p>A series of&nbsp;<strong><a href=""https://data.london.gov.uk/dataset/interim-2015-based-ward-projection-profiles"">ward projection profiles</a></strong> are also available to dowload.</p>
<p>&nbsp;</p>
<p><strong>Notes</strong></p>
<p>A&nbsp;tool detailing the relationships between the various projections and variants can be found <strong><a title=""Projections Tree"" href=""https://data.london.gov.uk/demographic-projections/"">here</a></strong>.</p>
<p>These projections make no attempt to account for the UK's exit from the European Union.</p>"
london,7,data.gov.uk,harrow-conservation-areas,Harrow Conservation Areas,London Borough of Harrow,https://www.data.gov.uk/dataset/harrow-conservation-areas,https://www.data.gov.uk/api/3/action/package_show?id=harrow-conservation-areas,ckan_package,,London borough open data trees parking planning conservation areas,"The dataset was created for planning purposes to display Conservation Areas for the London Borough of Harrow.

Contains public sector information licensed under the Open Government Licence v3.0.

Published under the Ordnance Survey Presumption to Publish derived data expections. Contains OS data © Crown copyright and database right (2017)."
london,7,data.gov.uk,metropolitan-open-land2,Metropolitan Open Land,London Borough of Lambeth,https://www.data.gov.uk/dataset/metropolitan-open-land2,https://www.data.gov.uk/api/3/action/package_show?id=metropolitan-open-land2,ckan_package,,London borough open data trees parking planning conservation areas,"<tr height='17'>
  <td height='17' style='height:12.75pt;width:266pt' width='355'>showing
  boundaries of areas where this is intended to protect areas of landscape,
  recreation, nature conservation and scientific interest which are
  strategically important</td>
</tr>"
london,7,data.gov.uk,open-spaces-strategy,Open Spaces Strategy,London Borough of Barnet,https://www.data.gov.uk/dataset/open-spaces-strategy,https://www.data.gov.uk/api/3/action/package_show?id=open-spaces-strategy,ckan_package,,London borough open data trees parking planning conservation areas,"<p>This dataset includes the <a href=""http://barnet.moderngov.co.uk/ieListDocuments.aspx?CId=695&MId=8337"">Open Spaces Strategy 2016</a> as well as all relevant appendices.</p>
<p>Barnet has a great collection of parks and open spaces and these are an important part of what makes Barnet a green borough. People who live and work in Barnet enjoy access to formal parks and gardens, wild landscapes, extensive areas of greenbelt and leafy river valleys.</p>
<p>The council has published a strategy that provides  a review of the quality of its parks and suggests a range of opportunities that green spaces offer to enhance the quality of life and economic success of the borough. The overall objective of the strategy is to support the council’s objectives for parks and open spaces as set out in the Corporate Plan: ‘Barnet’s parks and green spaces will be amongst the best in London’. The strategy links to a number of other pieces of work that consider health, wellbeing, sports provision and waste. All of these strategies are aimed at making Barnet a better place to live and work.</p>
<p> </p>"
london,7,data.gov.uk,schemas,Schemas,City of York Council,https://www.data.gov.uk/dataset/schemas,https://www.data.gov.uk/api/3/action/package_show?id=schemas,ckan_package,,London borough open data trees parking planning conservation areas,"This dataset contains the different schemas to which most of the rest of the datasets present on York Open Data comply to.

In case a dataset has more than one resource in more than one format, the schema refers to the csv file, unless stated otherwise."
london,5,data.gov.uk,consultation-privacy-notices-archived,Consultation Privacy Notices - Archived,City of York Council,https://www.data.gov.uk/dataset/consultation-privacy-notices-archived,https://www.data.gov.uk/api/3/action/package_show?id=consultation-privacy-notices-archived,ckan_package,,London air quality noise flood heat green space transport stops road safety,"Privacy notices used in __past__ City of York Council consultations.  

For live consultation privacy notices please see the [consultation privacy notices page](https://data.yorkopendata.org/dataset/consultation-privacy-notices)."
new_york,5,socrata,5zyy-y8am,NYC Building Energy and Water Data Disclosure for Local Law 84 2023 to Present (Data for Calendar Year 2022-Present),data.cityofnewyork.us,https://data.cityofnewyork.us/api/views/5zyy-y8am,https://data.cityofnewyork.us/api/views/5zyy-y8am,dataset,,resiliency heat vulnerability sea level rise evacuation lidar elevation orthophoto community board council district school zone,"Local Law 84 of 2009 (LL84) requires annual energy and water benchmarking data to be submitted by owners of buildings with more than 50,000 square feet. This data is collected via the Environmental Protection Agency's (EPA) <a href=""https://www.energystar.gov/buildings/tools-and-resources/portfolio-manager-0"">Portfolio Manager website</a>

Each property is identified by it's EPA assigned property ID, and can contain one or more tax lots identified by one or more BBLs (Borough, Block, Lot) or one or more buildings identified by one or more building identification numbers (BIN)

Please visit <a href=""https://www1.nyc.gov/site/buildings/codes/benchmarking.page"">DOB's Benchmarking and Energy Efficiency Rating page</a>
 for additional information."
