source_id,city,title,publisher,bucket,source_type,access_url,api_url,licence,coverage_start,coverage_end,spatial_granularity,temporal_granularity,retrieved_at,refresh_policy,ingest_priority,known_limitations,raw_metadata_file,notes
lon_bres_nomis,london,Business Register and Employment Survey via Nomis,Office for National Statistics,economy_business,api_dataset,https://www.nomisweb.co.uk/sources/bres,,Open Government Licence with statistical disclosure controls,2009,latest annual,local authority / MSOA where available,annual,2026-04-28T09:52:10.257166+01:00,annual,mvp,Some small-area industry cells suppressed; avoid over-interpreting short-term changes.,raw_metadata/lon_bres_nomis_page_metadata.json,
lon_congestion_charge_camera_captures,london,Camera Captures and Confirmed Vehicles seen in the Congestion Charge Zone by Month,Transport for London,transport_mobility,dataset_page,https://data.london.gov.uk/dataset/camera-captures-and-confirmed-vehicles-seen-in-the-congestion-ch-2r88d,,TfL / GLA terms; confirm,congestion charge era,present,zone-wide aggregate,monthly,2026-04-28T11:42:12.986910+00:00,monthly/periodic,mvp,"Zone-level counts are policy-monitoring indicators, not full network traffic assignment.",raw_metadata/lon_congestion_charge_camera_captures_page_metadata.json,Useful for city-policy impacts on traffic volumes in central London over time.
lon_dfe_schools,london,Get Information about Schools downloads,Department for Education,public_services_civic_assets,download,https://get-information-schools.service.gov.uk/Downloads,,Open Government Licence,current/historic snapshots,present,school/site points and attributes,daily/monthly extracts,2026-04-28T09:52:10.257166+01:00,quarterly,mvp,Capacity and enrolment need separate education statistics; do not infer overload from proximity.,raw_metadata/lon_dfe_schools_page_metadata.json,
lon_dft_traffic_flows_borough,london,"Traffic Flows, Borough",Department for Transport,transport_mobility,dataset_page,https://data.london.gov.uk/dataset/traffic-flows-borough-v8pow,,Open Government Licence,1993,present,borough / local authority,annual,2026-04-28T11:42:12.986910+00:00,annual,mvp,"Annual road traffic estimates at borough/local-authority level are aggregate indicators, not link-level traffic traces.",raw_metadata/lon_dft_traffic_flows_borough_page_metadata.json,Useful citywide long-run traffic baseline for London motor-vehicle volumes over time.
lon_ea_flood,london,Environment Agency flood map for planning / open flood data,Environment Agency,environment_air_quality,api_portal,https://environment.data.gov.uk/,,Open Government Licence,current/historic depending dataset,present,flood zones/risk areas/water features,varies,2026-04-28T09:52:10.257166+01:00,quarterly,mvp,"Flood zones are policy/risk layers, not proof of actual flood events.",raw_metadata/lon_ea_flood_page_metadata.json,
lon_east_bank,london,East Bank official project pages,London Legacy Development Corporation / partners,policy_governance,official_project_pages,https://www.queenelizabetholympicpark.co.uk/east-bank,,"copyright; quote minimally, link for evidence",2018,present,project/venue level,web updates,2026-04-28T09:52:10.257166+01:00,manual event curation,later,Project pages may emphasize benefits; pair with planning records.,raw_metadata/lon_east_bank_page_metadata.json,
lon_high_streets,london,London High Streets Data Service,Greater London Authority,economy_business,dataset_portal,https://data.london.gov.uk/dataset/high-streets-data-service,,Open Government Licence / GLA terms to confirm,varies,present,town centres/high streets/business indicators,varies,2026-04-28T09:52:10.257166+01:00,quarterly,later,Best for context indicators; exact coverage and licensing per sub-dataset.,raw_metadata/lon_high_streets_page_metadata.json,
lon_historic_england_aerial,london,Historic England Aerial Photo Explorer / Archive,Historic England,imagery_historical,imagery_archive,https://historicengland.org.uk/images-books/archive/collections/aerial-photos/,,Historic England/item-specific rights; do not bulk redistribute without rights check,historic,varies,aerial photographs / archive items,archive,2026-04-28T09:53:04.134977+01:00,manual,later,"Useful for visual before/after research, but rights vary and imagery cannot automatically be embedded in open-source tiles.",raw_metadata/lon_historic_england_aerial_page_metadata.json,
lon_historical_census_population,london,Historical Census Population,Office for National Statistics,demographics_socioeconomic,historical_dataset,https://data.london.gov.uk/dataset/historical-census-population-expjm,,Open Government Licence,1801,2021,London / borough,census years,2026-04-28T11:42:12.986910+00:00,manual on release,mvp,Census concept changes over time (persons present vs usual residents) must be preserved in any trend analysis.,raw_metadata/lon_historical_census_population_page_metadata.json,Core long-run source for London city history over two centuries.
lon_historical_census_tables,london,Historical Census Tables,Census Information Scheme,demographics_socioeconomic,historical_dataset,https://data.london.gov.uk/dataset/historical-census-tables-e5mlg,,Open Government Licence likely; confirm,1961,2021,multiple London geographies depending table,census years,2026-04-28T11:42:12.986910+00:00,manual on workbook updates,mvp,Workbook spans many indicators and vintages; each table requires geography/definition checks before combining across decades.,raw_metadata/lon_historical_census_tables_page_metadata.json,"High-value source for demographic, housing, and social change over time."
lon_hue_3d_and_building_stock_context,london,Historical Urban Event Evidence Catalog - 3D and building-stock context,Greater London Authority / London Datastore source family,planning_development,pdf_curated_source_family,https://www.ordnancesurvey.co.uk/products/os-3d-mesh,,OS beta access is not equivalent to unrestricted open data; verify access route.,2017,2025,Building / mesh / citywide stock model.,Emerging.,2026-04-29T16:09:13+01:00,Emerging.,candidate,"Useful, but weaker than NYC for a clean open municipal 3D history.",data/evidence-catalog/historical_urban_event_evidence_catalog.json,Adapter: SNAPSHOT + 3D derivative cache. Extracted from attached Historical Urban Event Evidence Data Catalog PDF; confidence: medium.
lon_hue_historical_aerial_imagery_and_vertical_aerials,london,Historical Urban Event Evidence Catalog - Historical aerial imagery and vertical aerials,Historic England / Environment Agency,environment_imagery,pdf_curated_source_family,https://historicengland.org.uk/images-books/archive/collections/aerial-photos/,,Mixed. Historic England image rights vary per image; Environment Agency data are official open-government-style datasets; OS imagery is licensed.,,,"Photo, scene, ortho.",Archive + programmatic refresh depending provider.,2026-04-29T16:09:13+01:00,Archive + programmatic refresh depending provider.,mvp,"High value, especially where London lacks a single openly tiled orthophoto series like NYC.",data/evidence-catalog/historical_urban_event_evidence_catalog.json,Adapter: DOCSTORE + tile/scene registry. Extracted from attached Historical Urban Event Evidence Data Catalog PDF; confidence: medium-high.
lon_hue_london_datastore_platform_and_api,london,Historical Urban Event Evidence Catalog - London Datastore platform and API,Greater London Authority / London Datastore source family,evidence_catalog_source,pdf_curated_source_family,https://data.london.gov.uk/,,Terms vary by package; users must check package license details.,,,Dataset/package/resource metadata and files.,Package-specific updates.,2026-04-29T16:09:13+01:00,Package-specific updates.,mvp,"Essential platform layer for production metadata, automated refresh checks, and package discovery.",data/evidence-catalog/historical_urban_event_evidence_catalog.json,Adapter: CATALOG sync + package harvester. Extracted from attached Historical Urban Event Evidence Data Catalog PDF; confidence: high.
lon_hue_london_development_database_archive_and_planning_comments,london,Historical Urban Event Evidence Catalog - London Development Database archive and planning comments,Greater London Authority / London Datastore source family,planning_development,pdf_curated_source_family,https://data.london.gov.uk/dataset/planning-permissions-on-the-london-development-database-ldd-2jxq0,,London Datastore terms; site-specific planning terms.,2012,present/latest,Application and document.,Archived for LDD; current for PlanApps.,2026-04-29T16:09:13+01:00,Archived for LDD; current for PlanApps.,mvp,Best way to bridge older strategic permissions with current mayoral applications and comments.,data/evidence-catalog/historical_urban_event_evidence_catalog.json,Adapter: DOCSTORE + historical archive layer. Extracted from attached Historical Urban Event Evidence Data Catalog PDF; confidence: high.
lon_hue_planning_london_datahub_api_and_schema,london,Historical Urban Event Evidence Catalog - Planning London Datahub API and schema,Greater London Authority / London Datastore source family,planning_development,pdf_curated_source_family,https://planningdata.london.gov.uk/api-guest/,,Publicly documented access; header required.,,,Application and nested-record level.,Live.,2026-04-29T16:09:13+01:00,Live.,mvp,"Supports direct search by authority, dates, and fields. Excellent for reproducible ETL.",data/evidence-catalog/historical_urban_event_evidence_catalog.json,Adapter: API pull + schema registry. Extracted from attached Historical Urban Event Evidence Data Catalog PDF; confidence: high.
lon_hue_planning_london_datahub_core,london,Historical Urban Event Evidence Catalog - Planning London Datahub core,Greater London Authority / London Datastore source family,planning_development,pdf_curated_source_family,https://planninglondondatahub.london.gov.uk/,,Public portal; respect dataset-level terms.,,,"Application, site, authority, development proposal.",Live/current with annual progress items.,2026-04-29T16:09:13+01:00,Live/current with annual progress items.,mvp,London’s single most important urban-event dataset family.,data/evidence-catalog/historical_urban_event_evidence_catalog.json,Adapter: LEDGER + document index + application graph. Extracted from attached Historical Urban Event Evidence Data Catalog PDF; confidence: high.
lon_hue_property_transactions_price_indices_and_rents,london,"Historical Urban Event Evidence Catalog - Property transactions, price indices, and rents",Office for National Statistics / Nomis / GLA,housing_property_market,pdf_curated_source_family,https://www.gov.uk/government/statistical-data-sets/price-paid-data-downloads,,Official government terms; check Price Paid permitted-use guidance.,1995,2013,"Property transaction, local authority, region.",Monthly or biannual.,2026-04-29T16:09:13+01:00,Monthly or biannual.,mvp,Best official stack for property transactions and rent/price trend context.,data/evidence-catalog/historical_urban_event_evidence_catalog.json,Adapter: LEDGER + linked-data price index adapter. Extracted from attached Historical Urban Event Evidence Data Catalog PDF; confidence: high.
lon_hue_public_opinion_consultation_and_local_sentiment,london,"Historical Urban Event Evidence Catalog - Public opinion, consultation, and local sentiment",Office for National Statistics / Nomis / GLA,civic_sentiment_consultation,pdf_curated_source_family,https://data.london.gov.uk/search?q=Annual%20London%20Survey,,Mixed package/site terms.,2000,2014,"Survey, consultation, ward/borough, application.",Survey-cycle / current consultations.,2026-04-29T16:09:13+01:00,Survey-cycle / current consultations.,mvp,"Useful, but there is no citywide 311-style operational complaint ledger equivalent.",data/evidence-catalog/historical_urban_event_evidence_catalog.json,Adapter: DOCSTORE + survey cube. Extracted from attached Historical Urban Event Evidence Data Catalog PDF; confidence: high.
lon_hue_residential_approvals_starts_completions_and_pipeline_dashboards,london,"Historical Urban Event Evidence Catalog - Residential approvals, starts, completions, and pipeline dashboards",Office for National Statistics / Nomis / GLA,evidence_catalog_source,pdf_curated_source_family,https://data.london.gov.uk/dataset/residential-approvals-dashboard-e5now,,London Datastore package-level terms.,2000,2026/partial,Development/site/project.,Ongoing dashboards and periodic downloadable resources.,2026-04-29T16:09:13+01:00,Ongoing dashboards and periodic downloadable resources.,mvp,Best for pipeline and housing-delivery monitoring; preserve borough submission caveats.,data/evidence-catalog/historical_urban_event_evidence_catalog.json,Adapter: CUBE + periodic extract snapshots. Extracted from attached Historical Urban Event Evidence Data Catalog PDF; confidence: high.
lon_hue_road_network_identifiers_and_open_basemaps,london,"Historical Urban Event Evidence Catalog - Road network, identifiers, and open basemaps",Ordnance Survey,planning_development,pdf_curated_source_family,https://www.ordnancesurvey.co.uk/products/os-open-roads,,OS OpenData products use OGL; premium OS products differ.,,,"Road, street identifier, property identifier, general mapping.",Typically semiannual or product-specific refresh.,2026-04-29T16:09:13+01:00,Typically semiannual or product-specific refresh.,mvp,Important substitute where London parcel/building openness is weaker than NYC.,data/evidence-catalog/historical_urban_event_evidence_catalog.json,Adapter: LINKER + basemap snapshots. Extracted from attached Historical Urban Event Evidence Data Catalog PDF; confidence: high.
lon_hue_tfl_routes_timetables_accessibility_demand_and_cycle_hire,london,"Historical Urban Event Evidence Catalog - TfL routes, timetables, accessibility, demand, and cycle hire",Transport for London,transport_mobility,pdf_curated_source_family,https://api.tfl.gov.uk/,,TfL terms based on OGL with amendments; check caching/branding/commercial rules.,2003,2026,"Stop, station, line, route, bike point, grid point.",Live APIs plus periodic datasets.,2026-04-29T16:09:13+01:00,Live APIs plus periodic datasets.,mvp,Strong for integrated network metadata and accessibility/topology; demand history is less consistently open at station level than NYC.,data/evidence-catalog/historical_urban_event_evidence_catalog.json,Adapter: API pull + temporal cache + CUBE snapshots. Extracted from attached Historical Urban Event Evidence Data Catalog PDF; confidence: high.
lon_hue_traffic_counts_and_road_flows,london,Historical Urban Event Evidence Catalog - Traffic counts and road flows,Department for Transport,transport_mobility,pdf_curated_source_family,https://roadtraffic.dft.gov.uk/regions/6,,UK Open Government Licence for published statistics/data; preserve attribution and method fields.,,,"Count point, road link, local authority.",Annual / periodic releases.,2026-04-29T16:09:13+01:00,Annual / periodic releases.,mvp,Always keep estimation method in the model and upweight directly counted observations.,data/evidence-catalog/historical_urban_event_evidence_catalog.json,Adapter: SNAPSHOT + count-point registry. Extracted from attached Historical Urban Event Evidence Data Catalog PDF; confidence: high.
lon_hue_workforce_labour_market_and_population,london,"Historical Urban Event Evidence Catalog - Workforce, labour market, and population",Office for National Statistics / Nomis / GLA,economy_demographics,pdf_curated_source_family,https://www.nomisweb.co.uk/api/v01/help,,Open Government Licence with statistical disclosure controls where applicable.,1971,2024,"Borough, LAD, small areas depending on source.",Annual or quarterly depending on family.,2026-04-29T16:09:13+01:00,Annual or quarterly depending on family.,mvp,Very strong for long-run labour and demography.,data/evidence-catalog/historical_urban_event_evidence_catalog.json,Adapter: CUBE/API + geography harmonization. Extracted from attached Historical Urban Event Evidence Data Catalog PDF; confidence: high.
lon_laei,london,London Atmospheric Emissions Inventory (LAEI),Greater London Authority,environment_air_quality,dataset,https://data.london.gov.uk/dataset/london-atmospheric-emissions-inventory--laei--2019,,Open Government Licence likely; confirm,inventory years,2019/latest released,grid/road-source emissions,inventory release,2026-04-28T09:52:10.257166+01:00,manual release-vintage,later,"Emissions inventory is modelled, not measured monitor data.",raw_metadata/lon_laei_page_metadata.json,
lon_layers_of_london,london,Layers of London historical maps and records,Institute of Historical Research / partners,imagery_historical,historical_map_portal,https://www.layersoflondon.org/,,site/item-specific rights,historic,present,historical maps/photos/records,archive/community updates,2026-04-28T09:53:04.134977+01:00,manual,later,Good contextual research source; licences and georeferencing vary by layer/item.,raw_metadata/lon_layers_of_london_page_metadata.json,
lon_lldc_local_plan,london,LLDC Local Plan,London Legacy Development Corporation,policy_governance,local_plan,https://www.queenelizabetholympicpark.co.uk/planning-policy,,LLDC/Crown copyright terms; confirm,2015,present,LLDC planning authority area; site allocations,plan period,2026-04-28T09:52:10.257166+01:00,manual on plan update,mvp,Contains policy intent and site allocations; documents may be PDFs with semi-structured data.,raw_metadata/lon_lldc_local_plan_page_metadata.json,
lon_lldc_planning_register,london,LLDC planning register,London Legacy Development Corporation,planning_development,planning_register,https://planningregister.londonlegacy.co.uk/swift/apas/run/wphappcriteria.display,,LLDC terms; public planning records,2012,present,application/site level,live/register updates,2026-04-28T09:52:10.257166+01:00,manual + targeted scrape where allowed,mvp,Public register may have anti-scraping/session constraints and documents with copyright. Use PLD for bulk fields and register for evidence links.,raw_metadata/lon_lldc_planning_register_page_metadata.json,
lon_london_air_api,london,London Air Quality Network API,"Environmental Research Group, Imperial College London / London Air",environment_air_quality,api,https://api.erg.ic.ac.uk/AirQuality/help,https://api.erg.ic.ac.uk/AirQuality/Information/MonitoringSites/GroupName=London/Json,London Air/API terms; confirm redistribution,historic,present,monitoring sites and pollutant measurements,hourly/daily/annual depending endpoint,2026-04-28T09:52:10.257166+01:00,daily/annual rollup,mvp,Monitoring-site data is not site-level proof for every development; show distance and monitor type.,raw_metadata/lon_london_air_api_page_metadata.json,
lon_london_plan_2021,london,The London Plan 2021,Greater London Authority,policy_governance,plan_document,https://www.london.gov.uk/programmes-strategies/planning/london-plan/london-plan-2021,,Open Government Licence likely; confirm,2021,present,Greater London / opportunity areas / policy areas,plan period,2026-04-28T09:52:10.257166+01:00,manual on plan updates,mvp,"Policy document, not event data. Use to identify official intent and opportunity areas.",raw_metadata/lon_london_plan_2021_page_metadata.json,
lon_london_plan_monitoring,london,London Plan Annual Monitoring Reports / housing monitoring,Greater London Authority,housing_delivery,monitoring_reports,https://www.london.gov.uk/programmes-strategies/planning/implementing-london-plan/monitoring-london-plan,,Open Government Licence likely; confirm,annual reports,present,borough/London-wide indicators depending report,annual,2026-04-28T09:53:04.134977+01:00,annual,mvp,"Monitoring reports provide aggregate delivery and policy indicators, not site-level completions. Link to PLD rows for site events.",raw_metadata/lon_london_plan_monitoring_page_metadata.json,
lon_nhs_ods,london,NHS Organisation Data Service downloads,NHS England,public_services_civic_assets,download,https://digital.nhs.uk/services/organisation-data-service/data-downloads,,Open Government Licence for ODS data; confirm,current/historic,present,health org/site records,monthly,2026-04-28T09:52:10.257166+01:00,quarterly,mvp,May not include all service-capacity details; geocoding may be needed.,raw_metadata/lon_nhs_ods_page_metadata.json,
lon_nomis,london,Nomis official labour market and Census datasets,Office for National Statistics / Durham University,demographics_socioeconomic,api,https://www.nomisweb.co.uk/api/v01/help,,Open Government Licence,varies,present,"local authority, ward, MSOA/LSOA depending dataset",varies by dataset,2026-04-28T09:52:10.257166+01:00,manual dataset-specific,mvp,BRES/APS can be sampled/suppressed; always carry geography/vintage notes.,raw_metadata/lon_nomis_page_metadata.json,
lon_ons_census_2021,london,ONS Census 2021 data and maps,Office for National Statistics,demographics_socioeconomic,census_api_portal,https://www.ons.gov.uk/census,,Open Government Licence,2021,2021,OA/LSOA/MSOA/ward/local authority,decennial,2026-04-28T09:52:10.257166+01:00,manual release-vintage pin,mvp,Demographic snapshots are not annual; do not interpolate as yearly change without method.,raw_metadata/lon_ons_census_2021_page_metadata.json,
lon_ons_open_geography,london,ONS Open Geography Portal boundaries,Office for National Statistics,boundaries_geography,geoportal,https://geoportal.statistics.gov.uk/,,Open Government Licence,varies,present,"LAD/borough, wards, LSOA, MSOA, output areas",release-specific,2026-04-28T09:52:10.257166+01:00,annual/check releases,mvp,Choose exact boundary vintage matching indicator vintage; clipped/simplified products differ from full-res.,raw_metadata/lon_ons_open_geography_page_metadata.json,
lon_opportunity_areas,london,London Opportunity Areas,Greater London Authority,boundaries_geography,policy_area_dataset,https://www.london.gov.uk/programmes-strategies/planning/implementing-london-plan/londons-opportunity-areas,,Open Government Licence likely; confirm,varies,present,opportunity area polygons/definitions,policy updates,2026-04-28T09:52:10.257166+01:00,manual/quarterly,mvp,Some boundaries may be embedded in GIS map rather than direct downloadable files; confirm geometry source before ingestion.,raw_metadata/lon_opportunity_areas_page_metadata.json,
lon_os_open_greenspace,london,OS Open Greenspace,Ordnance Survey,environment_air_quality,download,https://osdatahub.os.uk/downloads/open/OpenGreenspace,,OS OpenData Licence,current release,present,greenspace polygons and access points,periodic OS releases,2026-04-28T09:52:10.257166+01:00,quarterly check,mvp,Does not replace local park-management records; use for spatial context.,raw_metadata/lon_os_open_greenspace_page_metadata.json,
lon_os_open_roads,london,OS Open Roads,Ordnance Survey,basemap_physical_features,download_api,https://osdatahub.os.uk/downloads/open/OpenRoads,https://api.os.uk/downloads/v1/products/OpenRoads/downloads?area=GB&format=GeoPackage,OS OpenData Licence,current release,present,road links/nodes,periodic OS releases,2026-04-28T09:52:10.257166+01:00,quarterly check,mvp,"Road network is cartographic/reference data, not construction chronology.",raw_metadata/lon_os_open_roads_page_metadata.json,
lon_os_open_zoomstack,london,OS Open Zoomstack,Ordnance Survey,basemap_physical_features,vector_tiles/download,https://osdatahub.os.uk/downloads/open/OpenZoomstack,,OS OpenData Licence,current release,present,multi-scale basemap layers,periodic OS releases,2026-04-28T09:52:10.257166+01:00,quarterly check,later,Cartographic product; not suitable as sole source for event dates.,raw_metadata/lon_os_open_zoomstack_page_metadata.json,
lon_os_openmap_local,london,OS OpenMap Local,Ordnance Survey,basemap_physical_features,download,https://osdatahub.os.uk/downloads/open/OpenMapLocal,,OS OpenData Licence,current release,present,"buildings, roads, rail, water, greenspace-like features",periodic OS releases,2026-04-28T09:52:10.257166+01:00,quarterly check,mvp,Generalised basemap; building attributes are limited.,raw_metadata/lon_os_openmap_local_page_metadata.json,
lon_osm_geofabrik,london,Geofabrik Greater London OpenStreetMap extract,OpenStreetMap contributors / Geofabrik,basemap_physical_features,osm_extract,https://download.geofabrik.de/europe/united-kingdom/england/greater-london.html,,Open Database Licence (ODbL),daily extract history availability varies,present,roads/buildings/POIs/landuse/water/rail as mapped,daily extracts,2026-04-28T09:52:10.257166+01:00,optional/cache by date,later,OSM edit timestamps are not real-world construction dates; attribute OSM contributors and comply with ODbL.,raw_metadata/lon_osm_geofabrik_page_metadata.json,
lon_planning_data_map,london,London Planning Data Map,Greater London Authority,policy_governance,web_gis,https://apps.london.gov.uk/planning,,OGL / GLA terms to confirm,current policy layers,present,London-wide spatial planning policy and constraint layers,updated as planning policy layers change,2026-04-28T09:52:10.257166+01:00,manual/quarterly,mvp,Exploration map; programmatic layer endpoints need separate extraction.,raw_metadata/lon_planning_data_map_page_metadata.json,
lon_pld_api,london,Planning London Datahub public guest API,Greater London Authority,planning_development,elasticsearch_api,https://planningdata.london.gov.uk/api-guest/,https://planningdata.london.gov.uk/api-guest/applications/_search,Open Government Licence likely for GLA public data; confirm per PLD terms before redistribution,live,present,planning application / development proposal; point/geometry where supplied,live/near-real-time updates from London planning authorities,2026-04-28T09:52:10.257166+01:00,nightly during build; delta by last_updated,mvp,"Public guest API is Elasticsearch-compatible and large; authority back-office quality varies; not every application has complete geometry, commencement or completion dates. Use source rows for evidence, not inferred totals.",raw_metadata/london_pld_api_root.json,"Verified API root returns Elasticsearch 7.17 cluster; focused Stratford query returned 7,791 matches on discovery terms."
lon_pld_api_docs,london,Planning London Datahub API connection technical documentation,Greater London Authority,source_provenance,pdf_document,https://www.london.gov.uk/sites/default/files/planninglondondatahub_api_connection_technical_documentation_v1.pdf,,Open Government Licence likely; confirm,,,API/documentation,versioned document,2026-04-28T09:52:10.257166+01:00,pin exact downloaded copy,mvp,Documents example endpoints including /api-guest/applications/_source and _search.,raw_metadata/planninglondondatahub_api_connection_technical_documentation_v1.pdf,
lon_pld_housing_delivery_fields,london,"Planning London Datahub residential details for approvals, starts and completions",Greater London Authority,housing_delivery,api_field_family,https://planningdata.london.gov.uk/api-guest/applications/_search,https://planningdata.london.gov.uk/api-guest/applications/_search,Open Government Licence likely for GLA public data; confirm per PLD terms,live,present,planning application/development proposal; residential_details and phasing fields,live/near-real-time,2026-04-28T09:53:04.134977+01:00,nightly/delta by last_updated,mvp,Same system as PLD planning source but tracked separately because Open Citylog needs housing approvals/completions/unit counts. Not every record has complete commencement/completion/unit fields; use application_details.residential_details and PLD schema.,raw_metadata/london_pld_stratford_olympic_search_sample.json,
lon_pld_schema,london,Planning London Datahub public technical schema v2.1,Greater London Authority,source_provenance,schema_xlsx,https://www.london.gov.uk/sites/default/files/planninglondondatahub_public_technical_schemav2.1.xlsx,,Open Government Licence likely; confirm,,,field/schema level,versioned document,2026-04-28T09:52:10.257166+01:00,pin exact downloaded copy,mvp,Schema defines public PLD fields; use alongside API docs because fields may evolve.,raw_metadata/planninglondondatahub_public_technical_schemav2.1.xlsx,
lon_postcodes_io,london,Postcodes.io UK postcode lookup,Ideal Postcodes / open data aggregation,boundaries_geography,api,https://api.postcodes.io/,https://api.postcodes.io/postcodes/{postcode},MIT-style/open service; uses ONS/OS open data,current,present,postcode point and administrative lookup,current service,2026-04-28T09:52:10.257166+01:00,on-demand lookup with cache,mvp,Not authoritative source of all addresses; cache lookups with retrieved date.,raw_metadata/lon_postcodes_io_page_metadata.json,
lon_public_transport_journeys,london,Public Transport Journeys by Type of Transport,Transport for London,transport_mobility,time_series_dataset,https://data.london.gov.uk/dataset/public-transport-journeys-by-type-of-transport-ep8ow,,TfL / GLA terms; confirm,historic reporting series,present,London-wide mode totals,reporting period,2026-04-28T11:42:12.986910+00:00,periodic,mvp,Mode totals are aggregate citywide demand indicators and should be paired with service/network geography for local interpretation.,raw_metadata/lon_public_transport_journeys_page_metadata.json,"Strong city-level time series for bus, Underground, DLR, tram, Overground and cable car usage."
lon_queen_elizabeth_olympic_park,london,Queen Elizabeth Olympic Park official site / venues / park facts,London Legacy Development Corporation,public_services_civic_assets,official_site,https://www.queenelizabetholympicpark.co.uk/,,"copyright; quote minimally, link for evidence",2012,present,park/venue/project pages,web updates,2026-04-28T09:52:10.257166+01:00,manual event curation,mvp,Good for event evidence; not bulk data.,raw_metadata/lon_queen_elizabeth_olympic_park_page_metadata.json,
lon_road_casualties_severity,london,Road Casualties by Severity,Department for Transport,transport_mobility,dataset_page,https://data.london.gov.uk/dataset/road-casualties-by-severity-e1z1j,,Open Government Licence,2004,present/most recent release,borough / LSOA / MSOA / ward depending resource,annual,2026-04-28T11:42:12.986910+00:00,annual,mvp,"Casualty counts describe harms, not traffic volumes, and are constrained to reported road incidents.",raw_metadata/lon_road_casualties_severity_page_metadata.json,Complements collision counts with severity and population-exposure context.
lon_road_collisions_severity,london,Road Collisions by Severity,Department for Transport,transport_mobility,dataset_page,https://data.london.gov.uk/dataset/road-collisions-by-severity-vq8ln,,Open Government Licence,historical Stats19 era,present/most recent release,borough / ward,annual,2026-04-28T11:42:12.986910+00:00,annual,mvp,Police-reported injury collisions undercount all traffic incidents and follow Stats19 reporting rules.,raw_metadata/lon_road_collisions_severity_page_metadata.json,Useful for road-safety trend analysis and traffic-impact narratives over time.
lon_tfl_cycle_flows_trln,london,Cycle Flows on the TFL Road Network,Transport for London,transport_mobility,dataset_page,https://data.london.gov.uk/dataset/cycle-flows-on-the-tfl-road-network-2g1y0,,TfL / GLA terms; confirm,historic counter series,present,sample counter sites / network index,monthly / periodic,2026-04-28T11:42:12.986910+00:00,periodic,mvp,"Counter-based index represents sampled cycle flows on the TLRN, not all cycling in London.",raw_metadata/lon_tfl_cycle_flows_trln_page_metadata.json,Important long-run signal for cycling uptake and street-use change.
lon_tfl_cycling_data,london,TfL Cycling Infrastructure Database / cycling open data,Transport for London,transport_mobility,file_service,https://cycling.data.tfl.gov.uk/,,TfL Open Data terms,varies,present,cycle infrastructure/roads depending feed,periodic,2026-04-28T09:52:10.257166+01:00,quarterly,mvp,Schema varies by file; verify coordinate reference system.,raw_metadata/lon_tfl_cycling_data_page_metadata.json,
lon_tfl_live_traffic_disruptions,london,TfL Live Traffic Disruptions,Transport for London,transport_mobility,feed_dataset,https://data.london.gov.uk/dataset/tfl-live-traffic-disruptions-248xn,,TfL Open Data terms,live feed era,present,incident / road location,live / event-based,2026-04-28T11:42:12.986910+00:00,frequent polling if adopted,mvp,Operational disruption feed is strongest for current/recent events; historic retention needs separate archiving or snapshots.,raw_metadata/lon_tfl_live_traffic_disruptions_page_metadata.json,"Good for traffic-impacting incidents, roadworks, public events, and closures on major roads."
lon_tfl_open_data,london,TfL Open Data portal,Transport for London,transport_mobility,developer_portal,https://tfl.gov.uk/info-for/open-data-users/,,TfL Open Data terms,varies,present,London transport network/service data,varies,2026-04-28T09:52:10.257166+01:00,daily/weekly by feed,mvp,API limits and app keys may apply for heavy use; some feeds are operational not historic.,raw_metadata/lon_tfl_open_data_page_metadata.json,
lon_tfl_road_network_kpis,london,Key Performance Indicators on the TFL Road Network,Transport for London,transport_mobility,kpi_dataset,https://data.london.gov.uk/dataset/key-performance-indicators-on-the-tfl-road-network-e1zzj,,TfL / GLA terms; confirm dataset resource licence,2010s,present,TfL road network aggregate,reporting period / annual,2026-04-28T11:42:12.986910+00:00,periodic manual refresh,mvp,"Aggregate network KPIs do not locate every congestion event, but they provide robust time-series context for road performance and reliability.",raw_metadata/lon_tfl_road_network_kpis_page_metadata.json,Important for trend analysis of journey-time reliability and serious congestion on the TfL Road Network.
lon_tfl_rods,london,TfL Rolling Origin and Destination Survey,Transport for London,transport_mobility,survey_dataset,https://data.london.gov.uk/dataset/tfl-rolling-origin-and-destination-survey-2w97n,,TfL / GLA terms; confirm,historic series,present,station / origin-destination flow,annual / survey release,2026-04-28T11:42:12.986910+00:00,annual/periodic,mvp,Represents typical weekday Underground/LUL travel patterns rather than all-day all-mode full network demand.,raw_metadata/lon_tfl_rods_page_metadata.json,High-value source for how travel patterns shift across the city over time.
lon_tfl_unified_api,london,TfL Unified API lines and stop points,Transport for London,transport_mobility,api,https://api.tfl.gov.uk/,"https://api.tfl.gov.uk/Line/Mode/tube,dlr,elizabeth-line",TfL Open Data terms,current,present,"lines, routes, stop points, disruptions",live/current,2026-04-28T09:52:10.257166+01:00,cache daily for static layers,mvp,Good for current line/station context; station opening dates require separate source events.,raw_metadata/lon_tfl_unified_api_page_metadata.json,
lon_uk_air,london,UK-AIR air pollution data,DEFRA,environment_air_quality,api_portal,https://uk-air.defra.gov.uk/data/,,Open Government Licence for many outputs; confirm,historic,present,monitoring sites / zones,hourly to annual,2026-04-28T09:52:10.257166+01:00,annual for indicators,mvp,National network coverage may be sparse near a project area.,raw_metadata/lon_uk_air_page_metadata.json,
lon_voa_nndr,london,VOA non-domestic rating lists,Valuation Office Agency,economy_business,download,https://www.gov.uk/government/statistical-data-sets/non-domestic-rating-list-data,,Open Government Licence,historic/current lists,present,hereditament/address level,periodic/monthly,2026-04-28T09:52:10.257166+01:00,quarterly,later,Business rates are property-tax records; categories are not full business activity.,raw_metadata/lon_voa_nndr_page_metadata.json,
nyc_2fpa-bnsx,new_york,Facilities Database - Shapefile,Department of City Planning (DCP),public_services_civic_assets,socrata_dataset,https://data.cityofnewyork.us/d/2fpa-bnsx,https://data.cityofnewyork.us/resource/2fpa-bnsx.json,NYC Open Data dataset licence field often unspecified; check metadata and NYC Open Data Terms of Use before redistribution,,,facility geometry,periodic,2026-04-28T09:52:10.257166+01:00,use Socrata metadata modified date; refresh by API,mvp,NYC Facilities Database shapefile. Spatial companion to facilities records.,raw_metadata/nyc_socrata_2fpa-bnsx_facilities_database_shapefile_metadata.json,
nyc_2iga-a6mk,new_york,Zoning Application Portal (ZAP) - BBL,Department of City Planning (DCP),planning_development,socrata_dataset,https://data.cityofnewyork.us/d/2iga-a6mk,https://data.cityofnewyork.us/resource/2iga-a6mk.json,NYC Open Data dataset licence field often unspecified; check metadata and NYC Open Data Terms of Use before redistribution,,,BBL/project,updated as projects change,2026-04-28T09:52:10.257166+01:00,use Socrata metadata modified date; refresh by API,mvp,ZAP-to-BBL linkage table; use to connect projects to tax lots. Some projects may cover many BBLs or non-tax-lot geographies.,raw_metadata/nyc_socrata_2iga-a6mk_zap_bbl_metadata.json,
nyc_388s-pnvc,new_york,Waterfront Public Access Areas (WPAAs),Department of City Planning (DCP),public_services_civic_assets,socrata_dataset,https://data.cityofnewyork.us/d/388s-pnvc,https://data.cityofnewyork.us/resource/388s-pnvc.json,NYC Open Data dataset licence field often unspecified; check metadata and NYC Open Data Terms of Use before redistribution,,,waterfront public access area,periodic,2026-04-28T09:52:10.257166+01:00,use Socrata metadata modified date; refresh by API,mvp,Waterfront Public Access Areas; important for West Chelsea/Hudson River public realm.,raw_metadata/nyc_socrata_388s-pnvc_waterfront_public_access_metadata.json,
nyc_478a-yykk,new_york,Street Closures due to Construction Activities by Intersection,Department of Transportation (DOT),transport_mobility,socrata_dataset,https://data.cityofnewyork.us/d/478a-yykk,https://data.cityofnewyork.us/resource/478a-yykk.json,NYC Open Data dataset licence field often unspecified; check metadata and NYC Open Data Terms of Use before redistribution,,,intersection closure,current / event-based,2026-04-28T11:42:12.986910+00:00,use Socrata metadata modified date; refresh by API,mvp,Intersection closure feed complements block closures and should be deduplicated carefully.,raw_metadata/nyc_socrata_478a-yykk_street_closures_construction_intersection_metadata.json,
nyc_48dt-mn3z,new_york,Housing Database by 2020 CDTA,Department of City Planning (DCP),housing_delivery,socrata_dataset,https://data.cityofnewyork.us/d/48dt-mn3z,https://data.cityofnewyork.us/resource/48dt-mn3z.json,NYC Open Data dataset licence field often unspecified; check metadata and NYC Open Data Terms of Use before redistribution,,,community district tabulation area,historical / annualized release,2026-04-28T11:42:12.986910+00:00,use Socrata metadata modified date; refresh by API,mvp,Area-level net housing change is aggregate and should be paired with project-level files for building-specific stories.,raw_metadata/nyc_socrata_48dt-mn3z_housing_database_cdta_metadata.json,
nyc_5crt-au7u,new_york,Community Districts,Department of City Planning (DCP),boundaries_geography,socrata_dataset,https://data.cityofnewyork.us/d/5crt-au7u,https://data.cityofnewyork.us/resource/5crt-au7u.json,NYC Open Data dataset licence field often unspecified; check metadata and NYC Open Data Terms of Use before redistribution,,,community district polygon,periodic,2026-04-28T09:52:10.257166+01:00,use Socrata metadata modified date; refresh by API,mvp,Community district polygons for NYC. Use correct vintage and distinguish community districts from community boards.,raw_metadata/nyc_socrata_5crt-au7u_community_districts_metadata.json,
nyc_5zhs-2jue,new_york,BUILDING,Office of Technology and Innovation (OTI),basemap_physical_features,socrata_dataset,https://data.cityofnewyork.us/d/5zhs-2jue,https://data.cityofnewyork.us/resource/5zhs-2jue.json,NYC Open Data dataset licence field often unspecified; check metadata and NYC Open Data Terms of Use before redistribution,,,building footprint,periodic,2026-04-28T09:52:10.257166+01:00,use Socrata metadata modified date; refresh by API,mvp,NYC building footprint / planimetric BUILDING layer. Use for physical map; not a full construction timeline by itself.,raw_metadata/nyc_socrata_5zhs-2jue_building_footprints_metadata.json,
nyc_63ge-mke6,new_york,2020 Census Tracts,Department of City Planning (DCP),boundaries_geography,socrata_dataset,https://data.cityofnewyork.us/d/63ge-mke6,https://data.cityofnewyork.us/resource/63ge-mke6.json,NYC Open Data dataset licence field often unspecified; check metadata and NYC Open Data Terms of Use before redistribution,2020,,census tract polygon,decennial/versioned,2026-04-28T09:52:10.257166+01:00,use Socrata metadata modified date; refresh by API,mvp,2020 Census Tracts from DCP. Use with Census/ACS data; tract boundaries differ by decade.,raw_metadata/nyc_socrata_63ge-mke6_census_tracts_2020_metadata.json,
nyc_64uk-42ks,new_york,Primary Land Use Tax Lot Output (PLUTO),Department of City Planning (DCP),basemap_physical_features,socrata_dataset,https://data.cityofnewyork.us/d/64uk-42ks,https://data.cityofnewyork.us/resource/64uk-42ks.json,NYC Open Data dataset licence field often unspecified; check metadata and NYC Open Data Terms of Use before redistribution,2020,,tax lot,quarterly,2026-04-28T09:52:10.257166+01:00,use Socrata metadata modified date; refresh by API,mvp,Tax-lot-level PLUTO CSV; page states licence unspecified. Contains current tax lot/land use/geographic fields; not complete history. Use version field and DCP BYTES archive for prior releases.,raw_metadata/nyc_socrata_64uk-42ks_pluto_metadata.json,
nyc_6eng-46dm,new_york,Staten Island Ferry Ridership Counts,Department of Transportation (DOT),transport_mobility,socrata_dataset,https://data.cityofnewyork.us/d/6eng-46dm,https://data.cityofnewyork.us/resource/6eng-46dm.json,NYC Open Data dataset licence field often unspecified; check metadata and NYC Open Data Terms of Use before redistribution,,,terminal / route,daily,2026-04-28T11:42:12.986910+00:00,use Socrata metadata modified date; refresh by API,mvp,Terminal ridership totals are aggregate counts rather than full passenger origin-destination data.,raw_metadata/nyc_socrata_6eng-46dm_staten_island_ferry_ridership_metadata.json,
nyc_7ym2-wayt,new_york,Automated Traffic Volume Counts,Department of Transportation (DOT),transport_mobility,socrata_dataset,https://data.cityofnewyork.us/d/7ym2-wayt,https://data.cityofnewyork.us/resource/7ym2-wayt.json,NYC Open Data dataset licence field often unspecified; check metadata and NYC Open Data Terms of Use before redistribution,,,traffic count location / ATR site,sample count periods,2026-04-28T11:42:12.986910+00:00,use Socrata metadata modified date; refresh by API,mvp,Current/recent automated traffic counts; for long-term chronology pair with historical traffic-volume datasets.,raw_metadata/nyc_socrata_7ym2-wayt_automated_traffic_volume_counts_metadata.json,
nyc_96ay-ea4r,new_york,Vehicle Classification Counts (2011 - 2024),Department of Transportation (DOT),transport_mobility,socrata_dataset,https://data.cityofnewyork.us/d/96ay-ea4r,https://data.cityofnewyork.us/resource/96ay-ea4r.json,NYC Open Data dataset licence field often unspecified; check metadata and NYC Open Data Terms of Use before redistribution,,,count location,campaign / periodic,2026-04-28T11:42:12.986910+00:00,use Socrata metadata modified date; refresh by API,mvp,"Classification counts are sampled validation-style counts, not universal all-street traffic traces.",raw_metadata/nyc_socrata_96ay-ea4r_vehicle_classification_counts_metadata.json,
nyc_9nt8-h7nd,new_york,2020 Neighborhood Tabulation Areas (NTAs),Department of City Planning (DCP),boundaries_geography,socrata_dataset,https://data.cityofnewyork.us/d/9nt8-h7nd,https://data.cityofnewyork.us/resource/9nt8-h7nd.json,NYC Open Data dataset licence field often unspecified; check metadata and NYC Open Data Terms of Use before redistribution,2020,,NTA polygon,decennial/versioned,2026-04-28T09:52:10.257166+01:00,use Socrata metadata modified date; refresh by API,mvp,2020 Neighborhood Tabulation Areas. DCP statistical geography; not official neighbourhood boundaries.,raw_metadata/nyc_socrata_9nt8-h7nd_nta_2020_metadata.json,
nyc_bkfu-528j,new_york,NYC Permitted Event Information - Historical,NYC Street Activity Permit Office / Mayor's Office,transport_mobility,socrata_dataset,https://data.cityofnewyork.us/d/bkfu-528j,https://data.cityofnewyork.us/resource/bkfu-528j.json,NYC Open Data dataset licence field often unspecified; check metadata and NYC Open Data Terms of Use before redistribution,,,event permit / location,historical event-based,2026-04-28T11:42:12.986910+00:00,use Socrata metadata modified date; refresh by API,mvp,"Permitted-event records capture approved street-impacting events, not all informal or non-permitted activity.",raw_metadata/nyc_socrata_bkfu-528j_permitted_events_historical_metadata.json,
nyc_br6q-ssj3,new_york,Housing Database Project Level Files,Department of City Planning (DCP),housing_delivery,socrata_dataset,https://data.cityofnewyork.us/d/br6q-ssj3,https://data.cityofnewyork.us/resource/br6q-ssj3.json,NYC Open Data dataset licence field often unspecified; check metadata and NYC Open Data Terms of Use before redistribution,,,housing project,historical / periodic,2026-04-28T11:42:12.986910+00:00,use Socrata metadata modified date; refresh by API,mvp,"Tracks net housing-unit change by project but requires careful treatment of alterations, demolitions, and project status fields.",raw_metadata/nyc_socrata_br6q-ssj3_housing_database_project_level_metadata.json,
nyc_bs8b-p36w,new_york,DOB Certificate Of Occupancy,Department of Buildings (DOB),planning_development,socrata_dataset,https://data.cityofnewyork.us/d/bs8b-p36w,https://data.cityofnewyork.us/resource/bs8b-p36w.json,NYC Open Data dataset licence field often unspecified; check metadata and NYC Open Data Terms of Use before redistribution,,,building / certificate,historical/current operational updates,2026-04-28T11:42:12.986910+00:00,use Socrata metadata modified date; refresh by API,mvp,Certificate-of-occupancy records are stronger completion proxies than permits but still need address/BBL normalization and historical coverage checks.,raw_metadata/nyc_socrata_bs8b-p36w_dob_certificate_of_occupancy_metadata.json,
nyc_btm5-ppia,new_york,Traffic Volume Counts (Historical),Department of Transportation (DOT),transport_mobility,socrata_dataset,https://data.cityofnewyork.us/d/btm5-ppia,https://data.cityofnewyork.us/resource/btm5-ppia.json,NYC Open Data dataset licence field often unspecified; check metadata and NYC Open Data Terms of Use before redistribution,,,count location / roadway,historical sample periods,2026-04-28T11:42:12.986910+00:00,use Socrata metadata modified date; refresh by API,mvp,Historical traffic-volume counts are sampled observations rather than continuous network-wide speeds/volumes.,raw_metadata/nyc_socrata_btm5-ppia_traffic_volume_counts_historical_metadata.json,
nyc_bty7-2jhb,new_york,Historical DOB Permit Issuance,NYC Open Data / agency unspecified,planning_development,socrata_dataset,https://data.cityofnewyork.us/d/bty7-2jhb,https://data.cityofnewyork.us/resource/bty7-2jhb.json,NYC Open Data dataset licence field often unspecified; check metadata and NYC Open Data Terms of Use before redistribution,,,permit/address,historic,2026-04-28T09:52:10.257166+01:00,use Socrata metadata modified date; refresh by API,mvp,Historical DOB permit issuance; needed for pre-current permit chronology. Schema may differ from current DOB permit issuance.,raw_metadata/nyc_socrata_bty7-2jhb_dob_historical_permits_metadata.json,
nyc_c3uy-2p5r,new_york,Air Quality and Health Impacts,Department of Health and Mental Hygiene (DOHMH),environment_air_quality,socrata_dataset,https://data.cityofnewyork.us/d/c3uy-2p5r,https://data.cityofnewyork.us/resource/c3uy-2p5r.json,NYC Open Data dataset licence field often unspecified; check metadata and NYC Open Data Terms of Use before redistribution,,,neighbourhood/city indicator,annual/periodic,2026-04-28T09:52:10.257166+01:00,use Socrata metadata modified date; refresh by API,mvp,DOHMH air quality and health impact indicators. Usually neighbourhood/annual estimates; not parcel-level evidence.,raw_metadata/nyc_socrata_c3uy-2p5r_air_quality_health_impacts_metadata.json,
nyc_c9sj-fmsg,new_york,Street Construction Permits (2013-2021),Department of Transportation (DOT),transport_mobility,socrata_dataset,https://data.cityofnewyork.us/d/c9sj-fmsg,https://data.cityofnewyork.us/resource/c9sj-fmsg.json,NYC Open Data dataset licence field often unspecified; check metadata and NYC Open Data Terms of Use before redistribution,,,permit / street segment / address,historical permit lifecycle,2026-04-28T11:42:12.986910+00:00,use Socrata metadata modified date; refresh by API,mvp,Schema and business rules may differ from the current permit feed.,raw_metadata/nyc_socrata_c9sj-fmsg_street_construction_permits_historical_metadata.json,
nyc_census_acs_api,new_york,U.S. Census ACS API,U.S. Census Bureau,demographics_socioeconomic,api,https://api.census.gov/data.html,https://api.census.gov/data/2023/acs/acs5,Public domain / U.S. Government,ACS years,present,tract/block group/county/place depending table,annual 1-year/5-year,2026-04-28T09:52:10.257166+01:00,annual,mvp,ACS 5-year estimates have margins of error; do not claim annual precision for small areas.,raw_metadata/nyc_census_acs_api_page_metadata.json,
nyc_census_tiger,new_york,Census TIGER/Line shapefiles,U.S. Census Bureau,boundaries_geography,download_portal,https://www.census.gov/geographies/mapping-files/time-series/geo/tiger-line-file.html,,Public domain / U.S. Government,varies by year,present,tract/block group/block/county/place,annual/decennial products,2026-04-28T09:52:10.257166+01:00,pin year,mvp,Use exact ACS/census geography vintage; NYC DCP geographies may differ from Census products.,raw_metadata/nyc_census_tiger_page_metadata.json,
nyc_dcp_bytes,new_york,DCP BYTES of the BIG APPLE / Open Data hub,NYC Department of City Planning,source_provenance,open_data_portal,https://www.nyc.gov/site/planning/data-maps/open-data.page,,NYC Open Data/agency terms; dataset-specific licence often unspecified,varies,present,citywide geospatial and tabular datasets,release-specific,2026-04-28T09:52:10.257166+01:00,manual on release,mvp,DCP authoritative portal for archived PLUTO/MapPLUTO and planning geographies; use exact release versions.,raw_metadata/nyc_dcp_bytes_page_metadata.json,
nyc_enfh-gkve,new_york,Parks Properties,Department of Parks and Recreation (DPR),environment_air_quality,socrata_dataset,https://data.cityofnewyork.us/d/enfh-gkve,https://data.cityofnewyork.us/resource/enfh-gkve.json,NYC Open Data dataset licence field often unspecified; check metadata and NYC Open Data Terms of Use before redistribution,,,park/property,periodic,2026-04-28T09:52:10.257166+01:00,use Socrata metadata modified date; refresh by API,mvp,"NYC Parks properties polygons/records. Good for parks/open-space context, not park-quality indicators.",raw_metadata/nyc_socrata_enfh-gkve_parks_properties_metadata.json,
nyc_epa_aqs,new_york,EPA Air Quality System API,U.S. Environmental Protection Agency,environment_air_quality,api,https://aqs.epa.gov/aqsweb/documents/data_api.html,,U.S. Government / EPA terms,historic,present with lag,monitoring site,daily/annual endpoints; lagged,2026-04-28T09:52:10.257166+01:00,annual,mvp,EPA AQS is historical and may lag by months; monitors are not site-level proof for every project area.,raw_metadata/nyc_epa_aqs_page_metadata.json,
nyc_fdkv-4t4z,new_york,NYC Zoning Tax Lot Database,Department of City Planning (DCP),policy_governance,socrata_dataset,https://data.cityofnewyork.us/d/fdkv-4t4z,https://data.cityofnewyork.us/resource/fdkv-4t4z.json,NYC Open Data dataset licence field often unspecified; check metadata and NYC Open Data Terms of Use before redistribution,,,tax lot/zoning,periodic,2026-04-28T09:52:10.257166+01:00,use Socrata metadata modified date; refresh by API,mvp,"Zoning Tax Lot Database links zoning to tax lots; zoning is regulatory context, not physical development completion.",raw_metadata/nyc_socrata_fdkv-4t4z_zoning_tax_lot_database_metadata.json,
nyc_gthc-hcne,new_york,Borough Boundaries,Department of City Planning (DCP),boundaries_geography,socrata_dataset,https://data.cityofnewyork.us/d/gthc-hcne,https://data.cityofnewyork.us/resource/gthc-hcne.json,NYC Open Data dataset licence field often unspecified; check metadata and NYC Open Data Terms of Use before redistribution,,,borough polygon,periodic,2026-04-28T09:52:10.257166+01:00,use Socrata metadata modified date; refresh by API,mvp,DCP borough boundary polygons. Choose water-included/excluded version deliberately.,raw_metadata/nyc_socrata_gthc-hcne_borough_boundaries_metadata.json,
nyc_h9gi-nx95,new_york,Motor Vehicle Collisions - Crashes,New York City Police Department (NYPD),transport_mobility,socrata_dataset,https://data.cityofnewyork.us/d/h9gi-nx95,https://data.cityofnewyork.us/resource/h9gi-nx95.json,NYC Open Data dataset licence field often unspecified; check metadata and NYC Open Data Terms of Use before redistribution,,,crash event point/record,event-based / daily updates,2026-04-28T11:42:12.986910+00:00,use Socrata metadata modified date; refresh by API,mvp,Crash reporting reflects reported incidents and should not be conflated with total traffic activity.,raw_metadata/nyc_socrata_h9gi-nx95_motor_vehicle_collisions_crashes_metadata.json,
nyc_hg8x-zxpr,new_york,Affordable Housing Production by Building,Department of Housing Preservation and Development (HPD),housing_delivery,socrata_dataset,https://data.cityofnewyork.us/d/hg8x-zxpr,https://data.cityofnewyork.us/resource/hg8x-zxpr.json,NYC Open Data dataset licence field often unspecified; check metadata and NYC Open Data Terms of Use before redistribution,,,building/project,periodic,2026-04-28T09:52:10.257166+01:00,use Socrata metadata modified date; refresh by API,mvp,HPD affordable housing by building. Useful for geocoding/project link; not all housing delivery.,raw_metadata/nyc_socrata_hg8x-zxpr_hpd_affordable_housing_buildings_metadata.json,
nyc_hgx4-8ukb,new_york,Zoning Application Portal (ZAP) - Project Data,Department of City Planning (DCP),planning_development,socrata_dataset,https://data.cityofnewyork.us/d/hgx4-8ukb,https://data.cityofnewyork.us/resource/hgx4-8ukb.json,NYC Open Data dataset licence field often unspecified; check metadata and NYC Open Data Terms of Use before redistribution,,,project/application,live/updated as projects change,2026-04-28T09:52:10.257166+01:00,use Socrata metadata modified date; refresh by API,mvp,Zoning Application Portal project records; not every construction/permit event. Use ZAP documents for official ULURP/CEQR milestones.,raw_metadata/nyc_socrata_hgx4-8ukb_zap_project_data_metadata.json,
nyc_hq68-rnsi,new_york,Affordable Housing Production by Project,Department of Housing Preservation and Development (HPD),housing_delivery,socrata_dataset,https://data.cityofnewyork.us/d/hq68-rnsi,https://data.cityofnewyork.us/resource/hq68-rnsi.json,NYC Open Data dataset licence field often unspecified; check metadata and NYC Open Data Terms of Use before redistribution,,,project,periodic,2026-04-28T09:52:10.257166+01:00,use Socrata metadata modified date; refresh by API,mvp,HPD affordable housing by project. Counts affordable units; does not represent all housing production.,raw_metadata/nyc_socrata_hq68-rnsi_hpd_affordable_housing_projects_metadata.json,
nyc_hudson_yards_dcp_plan,new_york,Hudson Yards plan official page,NYC Department of City Planning,policy_governance,plan_page,https://www.nyc.gov/content/planning/pages/our-work/plans/manhattan/hudson-yards,,NYC agency terms,2005,present,Hudson Yards project/rezoning area,plan history,2026-04-28T09:52:10.257166+01:00,manual event curation,mvp,Official policy narrative; use ZAP/ULURP records for event-level evidence.,raw_metadata/nyc_hudson_yards_dcp_plan_page_metadata.json,
nyc_hudson_yards_official,new_york,Hudson Yards official project site,Related/Oxford / Hudson Yards,policy_governance,project_site,https://www.hudsonyardsnewyork.com/,,copyright; use links/minimal quotes,2012,present,project/venue/building level,web updates,2026-04-28T09:52:10.257166+01:00,manual event curation,mvp,Private project site is not neutral public evidence; corroborate with city/MTA records.,raw_metadata/nyc_hudson_yards_official_page_metadata.json,
nyc_hue_311_complaints_and_service_requests,new_york,Historical Urban Event Evidence Catalog - 311 complaints and service requests,NYC Open Data / NYC agency source family,civic_sentiment_consultation,pdf_curated_source_family,https://data.cityofnewyork.us/resource/erm2-nwe9.json?$limit=5,,NYC Open Data has no general restrictions on reuse; privacy care required.,2010,present/latest,"Point/address, complaint type, timestamp.",Near-continuous.,2026-04-29T16:09:13+01:00,Near-continuous.,mvp,One of the best public-opinion and nuisance-change proxies available. Minimize exposure of sensitive complaint text/location combinations.,data/evidence-catalog/historical_urban_event_evidence_catalog.json,Adapter: LEDGER + privacy screen. Extracted from attached Historical Urban Event Evidence Data Catalog PDF; confidence: high.
nyc_hue_certificates_of_occupancy_and_housing_delivery_rollups,new_york,Historical Urban Event Evidence Catalog - Certificates of occupancy and housing delivery rollups,NYC Open Data / NYC agency source family,planning_development,pdf_curated_source_family,https://data.cityofnewyork.us/Housing-Development/DOB-Certificate-Of-Occupancy/bs8b-p36w,,NYC Open Data terms.,2012,2021,"Building, block, tract.",Ongoing for CO modules; periodic housing rollups.,2026-04-29T16:09:13+01:00,Ongoing for CO modules; periodic housing rollups.,mvp,Best proxy for “building became usable” or “housing units delivered.”,data/evidence-catalog/historical_urban_event_evidence_catalog.json,Adapter: LEDGER + derived completion table. Extracted from attached Historical Urban Event Evidence Data Catalog PDF; confidence: high.
nyc_hue_digital_tax_map_tax_lot_geometry,new_york,Historical Urban Event Evidence Catalog - Digital Tax Map / tax lot geometry,NYC Open Data / NYC agency source family,planning_development,pdf_curated_source_family,https://data.cityofnewyork.us/Housing-Development/Department-of-Finance-Digital-Tax-Map/smk3-tmxj,,NYC Open Data terms.,,,"Tax lot, tax block, lot face.",Maintained extracts from DOF systems.,2026-04-29T16:09:13+01:00,Maintained extracts from DOF systems.,mvp,"Essential for parcel joins, BBL linkage, and event footprints.",data/evidence-catalog/historical_urban_event_evidence_catalog.json,Adapter: LINKER + parcel master table. Extracted from attached Historical Urban Event Evidence Data Catalog PDF; confidence: high.
nyc_hue_dob_construction_filings_and_permits,new_york,Historical Urban Event Evidence Catalog - DOB construction filings and permits,NYC Open Data / NYC agency source family,planning_development,pdf_curated_source_family,https://data.cityofnewyork.us/Housing-Development/DOB-Job-Application-Filings/ic3t-wcy2,,NYC Open Data terms.,,,"Address, BIN, BBL, job, permit.",Ongoing.,2026-04-29T16:09:13+01:00,Ongoing.,mvp,"Core construction-administration stream for filings, permits, and approvals.",data/evidence-catalog/historical_urban_event_evidence_catalog.json,Adapter: LEDGER + normalized event ontology across filing/issuance/approval. Extracted from attached Historical Urban Event Evidence Data Catalog PDF; confidence: high.
nyc_hue_employment_population_and_census,new_york,"Historical Urban Event Evidence Catalog - Employment, population, and census",U.S. Census Bureau,economy_demographics,pdf_curated_source_family,https://lehd.ces.census.gov/data/,,U.S. Census federal data is generally public domain; preserve Census API terms and margins of error.,2000,2024,Census tract/block group/place/county and workplace-residence geographies.,Annual / decennial depending source.,2026-04-29T16:09:13+01:00,Annual / decennial depending source.,mvp,"Core for jobs, commuting, demographic and socioeconomic baselines.",data/evidence-catalog/historical_urban_event_evidence_catalog.json,Adapter: CUBE/API + geography crosswalks. Extracted from attached Historical Urban Event Evidence Data Catalog PDF; confidence: high.
nyc_hue_nyc_map_tiles_orthophotos_and_aerial_photo_history,new_york,Historical Urban Event Evidence Catalog - NYC Map Tiles orthophotos and aerial photo history,NYC Open Data / NYC agency source family,planning_development,pdf_curated_source_family,https://maps.nyc.gov/tiles/,,CC BY 4.0.,,,Raster tiles and imagery by capture cycle.,Basemap/service updates; imagery by capture cycle.,2026-04-29T16:09:13+01:00,Basemap/service updates; imagery by capture cycle.,mvp,Gold-standard visual before/after evidence and parcel-adjacent context. Recent vintages are true orthos; older vintages remain valuable context.,data/evidence-catalog/historical_urban_event_evidence_catalog.json,Adapter: TILER + capture-vintage registry. Extracted from attached Historical Urban Event Evidence Data Catalog PDF; confidence: high.
nyc_hue_nyc_planimetrics_and_3d_model,new_york,Historical Urban Event Evidence Catalog - NYC planimetrics and 3D model,NYC Open Data / NYC agency source family,planning_development,pdf_curated_source_family,https://data.cityofnewyork.us/City-Government/NYC-3D-Model-by-Community-District/u5j4-zxpn,,NYC Open Data terms.,2004,2014,Buildings and community districts.,"Periodic, not continuous.",2026-04-29T16:09:13+01:00,"Periodic, not continuous.",mvp,"Useful for building snapshots and morphology. Confidence high for 3D snapshot, medium for long historical footprint continuity until each vintage is checked.",data/evidence-catalog/historical_urban_event_evidence_catalog.json,Adapter: SNAPSHOT + geometry vintage table. Extracted from attached Historical Urban Event Evidence Data Catalog PDF; confidence: medium-high.
nyc_hue_pluto_mappluto_and_land_use_lot_files,new_york,Historical Urban Event Evidence Catalog - PLUTO / MapPLUTO and land-use lot files,NYC Open Data / NYC agency source family,planning_development,pdf_curated_source_family,https://data.cityofnewyork.us/search?query=PLUTO%20MapPLUTO,,NYC Open Data unrestricted reuse stated in portal FAQ; verify dataset-level metadata.,2010,present/latest,Tax lot.,Generally annual vintage releases.,2026-04-29T16:09:13+01:00,Generally annual vintage releases.,mvp,"Core layer for zoning, built FAR, land use, year built, units, lot area, and BBL linkage.",data/evidence-catalog/historical_urban_event_evidence_catalog.json,Adapter: SNAPSHOT + museum-of-vintages pattern. Extracted from attached Historical Urban Event Evidence Data Catalog PDF; confidence: medium-high.
nyc_hue_sales_valuations_and_rent_context,new_york,"Historical Urban Event Evidence Catalog - Sales, valuations, and rent context",NYC Open Data / NYC agency source family,housing_property_market,pdf_curated_source_family,https://data.cityofnewyork.us/City-Government/NYC-Citywide-Annualized-Calendar-Sales-Update/w2pb-icbu,,NYC Open Data terms; survey/report products have their own usage conventions.,1990,present/latest,"Property, borough, neighborhood, survey geography.","Annual, triennial, or report-cycle.",2026-04-29T16:09:13+01:00,"Annual, triennial, or report-cycle.",mvp,High confidence for sales/assessments; medium-high for rent outcomes because they rely on survey/report families.,data/evidence-catalog/historical_urban_event_evidence_catalog.json,Adapter: LEDGER + assessment/sales/rent-context stack. Extracted from attached Historical Urban Event Evidence Data Catalog PDF; confidence: medium-high.
nyc_hue_street_network_and_roadway_geometry,new_york,Historical Urban Event Evidence Catalog - Street network and roadway geometry,NYC Open Data / NYC agency source family,transport_mobility,pdf_curated_source_family,https://data.cityofnewyork.us/City-Government/Centerline/inkn-q76z,,NYC Open Data terms.,,,Segment-level geometry.,Maintained.,2026-04-29T16:09:13+01:00,Maintained.,mvp,"Backbone for geocoding road events, traffic counts, curb changes, and transit links.",data/evidence-catalog/historical_urban_event_evidence_catalog.json,Adapter: LINKER + segment versioning. Extracted from attached Historical Urban Event Evidence Data Catalog PDF; confidence: high.
nyc_hue_traffic_volume_and_vehicle_composition,new_york,Historical Urban Event Evidence Catalog - Traffic volume and vehicle composition,NYC Open Data / NYC agency source family,transport_mobility,pdf_curated_source_family,https://data.cityofnewyork.us/Transportation/Traffic-Volume-Counts-Historical-/btm5-ppia,,NYC Open Data terms.,2011,2025,Count location and segment.,"Periodic surveys, not continuous sensors.",2026-04-29T16:09:13+01:00,"Periodic surveys, not continuous sensors.",mvp,Good for before/after traffic volume and mode mix. Use repeated nearby stations; do not assume full continuity.,data/evidence-catalog/historical_urban_event_evidence_catalog.json,Adapter: SNAPSHOT + station/segment lookup. Extracted from attached Historical Urban Event Evidence Data Catalog PDF; confidence: high.
nyc_hue_transit_metadata_and_real_time_routes,new_york,Historical Urban Event Evidence Catalog - Transit metadata and real-time routes,Metropolitan Transportation Authority / Open NY,transport_mobility,pdf_curated_source_family,https://api.mta.info/,,MTA / Open NY terms.,,,"Route, trip, stop, vehicle position, service alert.",Static feeds plus live APIs.,2026-04-29T16:09:13+01:00,Static feeds plus live APIs.,mvp,"Strong for route-change detection, stop inventories, service availability, and live operational overlays.",data/evidence-catalog/historical_urban_event_evidence_catalog.json,Adapter: API pull + temporal cache. Extracted from attached Historical Urban Event Evidence Data Catalog PDF; confidence: high.
nyc_hue_transit_ridership_and_station_access,new_york,Historical Urban Event Evidence Catalog - Transit ridership and station access,Metropolitan Transportation Authority / Open NY,transport_mobility,pdf_curated_source_family,https://data.ny.gov/Transportation/MTA-Subway-Hourly-Ridership-2020-2024/wujg-7c2s,,Open NY terms.,2015,2025,"Station complex, turnstile control area, entrance.",Daily to hourly depending on feed.,2026-04-29T16:09:13+01:00,Daily to hourly depending on feed.,mvp,"Powerful for demand deltas, but 2020-era pandemic disruption must be treated as a special context caveat.",data/evidence-catalog/historical_urban_event_evidence_catalog.json,Adapter: LEDGER + station master table. Extracted from attached Historical Urban Event Evidence Data Catalog PDF; confidence: high.
nyc_hue_zoning_environmental_review_and_land_use_documents,new_york,"Historical Urban Event Evidence Catalog - Zoning, environmental review, and land-use documents",NYC Open Data / NYC agency source family,planning_development,pdf_curated_source_family,https://zap.planning.nyc.gov/,,Agency site terms; public documents should be handled carefully for personal data.,,,"Project, application, document.",Live / portal updates.,2026-04-29T16:09:13+01:00,Live / portal updates.,mvp,"Best for public rationale, consultations, impact studies, mitigation promises, and timelines.",data/evidence-catalog/historical_urban_event_evidence_catalog.json,Adapter: DOCSTORE + metadata index + text extraction. Extracted from attached Historical Urban Event Evidence Data Catalog PDF; confidence: high.
nyc_i4gi-tjb9,new_york,DOT Traffic Speeds,Department of Transportation (DOT),transport_mobility,socrata_dataset,https://data.cityofnewyork.us/d/i4gi-tjb9,https://data.cityofnewyork.us/resource/i4gi-tjb9.json,NYC Open Data dataset licence field often unspecified; check metadata and NYC Open Data Terms of Use before redistribution,,,road segment / link,periodic observations,2026-04-28T11:42:12.986910+00:00,use Socrata metadata modified date; refresh by API,mvp,Traffic-speed feeds often reflect selected instrumented links and need careful temporal handling.,raw_metadata/nyc_socrata_i4gi-tjb9_traffic_speeds_metadata.json,
nyc_i6b5-j7bu,new_york,Street Closures due to Construction Activities by Block,Department of Transportation (DOT),transport_mobility,socrata_dataset,https://data.cityofnewyork.us/d/i6b5-j7bu,https://data.cityofnewyork.us/resource/i6b5-j7bu.json,NYC Open Data dataset licence field often unspecified; check metadata and NYC Open Data Terms of Use before redistribution,,,block closure segment,current / event-based,2026-04-28T11:42:12.986910+00:00,use Socrata metadata modified date; refresh by API,mvp,Current closures dataset is valuable for disruption context but historical retention may be limited.,raw_metadata/nyc_socrata_i6b5-j7bu_street_closures_construction_block_metadata.json,
nyc_inkn-q76z,new_york,Centerline,Office of Technology and Innovation (OTI),basemap_physical_features,socrata_dataset,https://data.cityofnewyork.us/d/inkn-q76z,https://data.cityofnewyork.us/resource/inkn-q76z.json,NYC Open Data dataset licence field often unspecified; check metadata and NYC Open Data Terms of Use before redistribution,,,street segment,periodic,2026-04-28T09:52:10.257166+01:00,use Socrata metadata modified date; refresh by API,mvp,NYC street centerline. Reference road network; not road-change event history.,raw_metadata/nyc_socrata_inkn-q76z_centerline_metadata.json,
nyc_ipu4-2q9a,new_york,DOB Permit Issuance,Department of Buildings (DOB),planning_development,socrata_dataset,https://data.cityofnewyork.us/d/ipu4-2q9a,https://data.cityofnewyork.us/resource/ipu4-2q9a.json,NYC Open Data dataset licence field often unspecified; check metadata and NYC Open Data Terms of Use before redistribution,,,permit/address/BBL fields,daily/current,2026-04-28T09:52:10.257166+01:00,use Socrata metadata modified date; refresh by API,mvp,"DOB permit issuance records; permit lifecycle proxy, not completion proof. Job descriptions are not in this issuance endpoint; link to DOB BIS/NOW records for detail.",raw_metadata/nyc_socrata_ipu4-2q9a_dob_permit_issuance_metadata.json,
nyc_ji82-xba5,new_york,Facilities Database,Department of City Planning (DCP),public_services_civic_assets,socrata_dataset,https://data.cityofnewyork.us/d/ji82-xba5,https://data.cityofnewyork.us/resource/ji82-xba5.json,NYC Open Data dataset licence field often unspecified; check metadata and NYC Open Data Terms of Use before redistribution,,,facility,periodic,2026-04-28T09:52:10.257166+01:00,use Socrata metadata modified date; refresh by API,mvp,NYC Facilities Database table. Broad civic assets; verify facility categories and active status.,raw_metadata/nyc_socrata_ji82-xba5_facilities_database_metadata.json,
nyc_lodes_lehd,new_york,LEHD Origin-Destination Employment Statistics (LODES),U.S. Census Bureau,economy_business,download,https://lehd.ces.census.gov/data/,,Public domain / U.S. Government,2002,latest released,census block workplace/residence,annual,2026-04-28T09:52:10.257166+01:00,annual,later,Employment estimates are modelled/admin-derived and suppress some details; use cautiously.,raw_metadata/nyc_lodes_lehd_page_metadata.json,
nyc_mappluto_archive,new_york,MapPLUTO / PLUTO change and archive page,NYC Department of City Planning,basemap_physical_features,archive_page,https://www.nyc.gov/content/planning/pages/resources/datasets/mappluto-pluto-change,,NYC Open Data/agency terms; confirm,historical releases,present,tax lot CSV/shapefile/geodatabase by release,quarterly,2026-04-28T09:52:10.257166+01:00,pin release files,mvp,Use archived releases for compare-year snapshots; not all old fields match current schema.,raw_metadata/nyc_mappluto_archive_page_metadata.json,
nyc_mrjc-v9pm,new_york,New York City's Flood Vulnerability Index,Mayor's Office of Climate and Environmental Justice (MOCEJ),environment_air_quality,socrata_dataset,https://data.cityofnewyork.us/d/mrjc-v9pm,https://data.cityofnewyork.us/resource/mrjc-v9pm.json,NYC Open Data dataset licence field often unspecified; check metadata and NYC Open Data Terms of Use before redistribution,,,area/index,periodic,2026-04-28T09:52:10.257166+01:00,use Socrata metadata modified date; refresh by API,later,"Flood Vulnerability Index. Risk/context layer, not observed flooding.",raw_metadata/nyc_socrata_mrjc-v9pm_flood_vulnerability_index_metadata.json,
nyc_mta_gtfs_subway,new_york,MTA Subway GTFS static feed,Metropolitan Transportation Authority,transport_mobility,gtfs_zip,http://web.mta.info/developers/data/nyct/subway/google_transit.zip,,MTA data terms,current,present,subway routes/stops/trips/shapes,scheduled service feed,2026-04-28T09:52:10.257166+01:00,weekly/monthly,mvp,Use current stops/routes; historical change events require MTA press releases or GTFS archives.,raw_metadata/nyc_mta_gtfs_subway_page_metadata.json,
nyc_mta_static_feeds,new_york,MTA developer static data feeds (GTFS),Metropolitan Transportation Authority,transport_mobility,gtfs_feed_portal,https://new.mta.info/developers,,MTA data terms,current GTFS; historical via archives if separately sourced,present,routes/stops/trips/shapes,scheduled service updates,2026-04-28T09:52:10.257166+01:00,weekly/monthly,mvp,"Static GTFS is scheduled service data, not real-time and not station-opening chronology.",raw_metadata/nyc_mta_static_feeds_page_metadata.json,
nyc_mzxg-pwib,new_york,New York City Bike Routes,Department of Transportation (DOT),transport_mobility,socrata_dataset,https://data.cityofnewyork.us/d/mzxg-pwib,https://data.cityofnewyork.us/resource/mzxg-pwib.json,NYC Open Data dataset licence field often unspecified; check metadata and NYC Open Data Terms of Use before redistribution,,,route segment,periodic,2026-04-28T09:52:10.257166+01:00,use Socrata metadata modified date; refresh by API,mvp,NYC bike routes. Use for cycle infrastructure layer; confirm date fields before treating as opening dates.,raw_metadata/nyc_socrata_mzxg-pwib_bike_routes_metadata.json,
nyc_nypl_map_warper,new_york,NYPL Map Warper / historical maps,New York Public Library,imagery_historical,historical_map_portal,https://maps.nypl.org/warper/,,NYPL/item-specific rights,historic,varies,georeferenced historical maps,archive,2026-04-28T09:52:10.257166+01:00,manual,later,Rights vary by map; use links/thumbnails only when licence permits.,raw_metadata/nyc_nypl_map_warper_page_metadata.json,
nyc_orthos,new_york,NYC Orthoimagery and map services,NYC Office of Technology and Innovation,imagery_historical,imagery_service,https://maps.nyc.gov/tiles/,,NYC OTI terms; confirm,varies by imagery year,present,raster tiles/imagery indexes,periodic,2026-04-28T09:52:10.257166+01:00,manual release-vintage,later,Imagery licensing and tile terms need review before open-source redistribution.,raw_metadata/nyc_orthos_page_metadata.json,
nyc_pkdm-hqz6,new_york,DOB NOW: Certificate of Occupancy,Department of Buildings (DOB),planning_development,socrata_dataset,https://data.cityofnewyork.us/d/pkdm-hqz6,https://data.cityofnewyork.us/resource/pkdm-hqz6.json,NYC Open Data dataset licence field often unspecified; check metadata and NYC Open Data Terms of Use before redistribution,,,certificate/building,current,2026-04-28T09:52:10.257166+01:00,use Socrata metadata modified date; refresh by API,mvp,DOB NOW Certificate of Occupancy records; stronger completion/occupancy proxy but not all older buildings are covered.,raw_metadata/nyc_socrata_pkdm-hqz6_dob_now_certificate_of_occupancy_metadata.json,
nyc_qfs9-xn8t,new_york,NYCDCP Manhattan Bike Counts - On Street Weekday,Department of City Planning (DCP),transport_mobility,socrata_dataset,https://data.cityofnewyork.us/d/qfs9-xn8t,https://data.cityofnewyork.us/resource/qfs9-xn8t.json,NYC Open Data dataset licence field often unspecified; check metadata and NYC Open Data Terms of Use before redistribution,,,count location,annual / periodic counts,2026-04-28T11:42:12.986910+00:00,use Socrata metadata modified date; refresh by API,mvp,"Bike counts are sampled corridors in Manhattan, not citywide full-network cycling demand.",raw_metadata/nyc_socrata_qfs9-xn8t_manhattan_bike_counts_weekday_metadata.json,
nyc_t5n6-gx8c,new_york,NYC Ferry Ridership,Economic Development Corporation / NYC Ferry,transport_mobility,socrata_dataset,https://data.cityofnewyork.us/d/t5n6-gx8c,https://data.cityofnewyork.us/resource/t5n6-gx8c.json,NYC Open Data dataset licence field often unspecified; check metadata and NYC Open Data Terms of Use before redistribution,,,landing / route / direction,hourly / daily,2026-04-28T11:42:12.986910+00:00,use Socrata metadata modified date; refresh by API,mvp,Ferry ridership is mode-specific and should be joined with route/landing context for citywide comparisons.,raw_metadata/nyc_socrata_t5n6-gx8c_nyc_ferry_ridership_metadata.json,
nyc_tqtj-sjs8,new_york,Street Construction Permits (2022 - Present),Department of Transportation (DOT),transport_mobility,socrata_dataset,https://data.cityofnewyork.us/d/tqtj-sjs8,https://data.cityofnewyork.us/resource/tqtj-sjs8.json,NYC Open Data dataset licence field often unspecified; check metadata and NYC Open Data Terms of Use before redistribution,,,permit / street segment / address,event / permit lifecycle,2026-04-28T11:42:12.986910+00:00,use Socrata metadata modified date; refresh by API,mvp,"Street permits indicate planned or approved roadway work, not necessarily observed completion or traffic impact duration.",raw_metadata/nyc_socrata_tqtj-sjs8_street_construction_permits_current_metadata.json,
nyc_uvpi-gqnh,new_york,2015 Street Tree Census - Tree Data,Department of Parks and Recreation (DPR),environment_air_quality,socrata_dataset,https://data.cityofnewyork.us/d/uvpi-gqnh,https://data.cityofnewyork.us/resource/uvpi-gqnh.json,NYC Open Data dataset licence field often unspecified; check metadata and NYC Open Data Terms of Use before redistribution,2015,,tree point,one-time,2026-04-28T09:52:10.257166+01:00,use Socrata metadata modified date; refresh by API,later,"2015 street tree census. One-time census; useful for canopy/public-realm context, not annual changes.",raw_metadata/nyc_socrata_uvpi-gqnh_street_tree_census_2015_metadata.json,
nyc_w7w3-xahh,new_york,Issued Licenses,Department of Consumer and Worker Protection (DCWP),economy_business,socrata_dataset,https://data.cityofnewyork.us/d/w7w3-xahh,https://data.cityofnewyork.us/resource/w7w3-xahh.json,NYC Open Data dataset licence field often unspecified; check metadata and NYC Open Data Terms of Use before redistribution,,,licence/address,daily/periodic,2026-04-28T09:52:10.257166+01:00,use Socrata metadata modified date; refresh by API,later,Issued DCWP licenses. Useful for business activity but not complete economy; licensing categories are narrow.,raw_metadata/nyc_socrata_w7w3-xahh_issued_business_licenses_metadata.json,
nyc_west_chelsea_dcp_plan,new_york,West Chelsea plan official page,NYC Department of City Planning,policy_governance,plan_page,https://www.nyc.gov/content/planning/pages/our-work/plans/manhattan/west-chelsea,,NYC agency terms,2005,present,West Chelsea special district/rezoning area,plan history,2026-04-28T09:52:10.257166+01:00,manual event curation,mvp,Official policy narrative; use zoning text/maps and ULURP records for details.,raw_metadata/nyc_west_chelsea_dcp_plan_page_metadata.json,
nyc_wmsu-5muw,new_york,2020 Census Blocks,Department of City Planning (DCP),boundaries_geography,socrata_dataset,https://data.cityofnewyork.us/d/wmsu-5muw,https://data.cityofnewyork.us/resource/wmsu-5muw.json,NYC Open Data dataset licence field often unspecified; check metadata and NYC Open Data Terms of Use before redistribution,2020,,census block polygon,decennial/versioned,2026-04-28T09:52:10.257166+01:00,use Socrata metadata modified date; refresh by API,later,2020 Census Blocks from DCP. Fine geography but heavy; needed for block-level joins only.,raw_metadata/nyc_socrata_wmsu-5muw_census_blocks_2020_metadata.json,
